,YEAR,MONTH,Rate Death per 100000 inhabitants,DEPARTMENT,dateInt,Date,Year_Month,Death Rate
0,2018,1,14.154921759752884,ATLANTICO,2018011,2018-01-01,2018-01,0.00014154921759752885
1,2018,2,19.88724654369881,ATLANTICO,2018021,2018-02-01,2018-02,0.0001988724654369881
2,2018,3,18.92745664804213,ATLANTICO,2018031,2018-03-01,2018-03,0.00018927456648042132
3,2018,4,20.66977139526695,ATLANTICO,2018041,2018-04-01,2018-04,0.0002066977139526695
4,2018,5,14.543665285197722,ATLANTICO,2018051,2018-05-01,2018-05,0.0001454366528519772
5,2018,6,14.37658365890025,ATLANTICO,2018061,2018-06-01,2018-06,0.0001437658365890025
6,2018,7,15.552541885137655,ATLANTICO,2018071,2018-07-01,2018-07,0.00015552541885137654
7,2018,8,15.872506340643769,ATLANTICO,2018081,2018-08-01,2018-08,0.00015872506340643768
8,2018,9,12.293313268948443,ATLANTICO,2018091,2018-09-01,2018-09,0.00012293313268948444
9,2018,10,17.83223697611957,ATLANTICO,2018101,2018-10-01,2018-10,0.00017832236976119572
10,2018,11,19.397590651266054,ATLANTICO,2018111,2018-11-01,2018-11,0.00019397590651266055
11,2018,12,20.225982748476756,ATLANTICO,2018121,2018-12-01,2018-12,0.00020225982748476757
12,2018,1,12.811888678224564,BOGOTA D.C.,2018011,2018-01-01,2018-01,0.00012811888678224565
13,2018,2,10.385388860293132,BOGOTA D.C.,2018021,2018-02-01,2018-02,0.00010385388860293132
14,2018,3,11.259808600046886,BOGOTA D.C.,2018031,2018-03-01,2018-03,0.00011259808600046887
15,2018,4,12.819426233997492,BOGOTA D.C.,2018041,2018-04-01,2018-04,0.00012819426233997492
16,2018,5,13.38646487934598,BOGOTA D.C.,2018051,2018-05-01,2018-05,0.0001338646487934598
17,2018,6,11.413600477779596,BOGOTA D.C.,2018061,2018-06-01,2018-06,0.00011413600477779596
18,2018,7,14.1164005935925,BOGOTA D.C.,2018071,2018-07-01,2018-07,0.000141164005935925
19,2018,8,13.703993515686136,BOGOTA D.C.,2018081,2018-08-01,2018-08,0.00013703993515686136
20,2018,9,12.129757053170302,BOGOTA D.C.,2018091,2018-09-01,2018-09,0.00012129757053170302
21,2018,10,12.478407860971494,BOGOTA D.C.,2018101,2018-10-01,2018-10,0.00012478407860971495
22,2018,11,9.999324116647475,BOGOTA D.C.,2018111,2018-11-01,2018-11,9.999324116647476e-05
23,2018,12,14.020688280354204,BOGOTA D.C.,2018121,2018-12-01,2018-12,0.00014020688280354203
24,2018,1,15.763914790380571,HUILA,2018011,2018-01-01,2018-01,0.0001576391479038057
25,2018,2,15.92734593027298,HUILA,2018021,2018-02-01,2018-02,0.0001592734593027298
26,2018,3,17.751952349871686,HUILA,2018031,2018-03-01,2018-03,0.00017751952349871687
27,2018,4,9.796268079482411,HUILA,2018041,2018-04-01,2018-04,9.796268079482411e-05
28,2018,5,13.037117836570408,HUILA,2018051,2018-05-01,2018-05,0.00013037117836570407
29,2018,6,17.672881157476702,HUILA,2018061,2018-06-01,2018-06,0.00017672881157476702
30,2018,7,11.576900681056056,HUILA,2018071,2018-07-01,2018-07,0.00011576900681056056
31,2018,8,10.002300675821372,HUILA,2018081,2018-08-01,2018-08,0.00010002300675821373
32,2018,9,9.659736786151914,HUILA,2018091,2018-09-01,2018-09,9.659736786151914e-05
33,2018,10,11.080039923828654,HUILA,2018101,2018-10-01,2018-10,0.00011080039923828654
34,2018,11,12.794648261414691,HUILA,2018111,2018-11-01,2018-11,0.0001279464826141469
35,2018,12,20.17409807773181,HUILA,2018121,2018-12-01,2018-12,0.0002017409807773181
36,2018,1,28.762098498542628,NARIÑO,2018011,2018-01-01,2018-01,0.00028762098498542627
37,2018,2,25.57765566494558,NARIÑO,2018021,2018-02-01,2018-02,0.0002557765566494558
38,2018,3,21.335522567904302,NARIÑO,2018031,2018-03-01,2018-03,0.00021335522567904303
39,2018,4,19.11297174153457,NARIÑO,2018041,2018-04-01,2018-04,0.0001911297174153457
40,2018,5,26.044633475890265,NARIÑO,2018051,2018-05-01,2018-05,0.0002604463347589026
41,2018,6,36.52601625959587,NARIÑO,2018061,2018-06-01,2018-06,0.0003652601625959587
42,2018,7,22.59977295949368,NARIÑO,2018071,2018-07-01,2018-07,0.00022599772959493682
43,2018,8,32.16328253753629,NARIÑO,2018081,2018-08-01,2018-08,0.0003216328253753629
44,2018,9,13.453558150751997,NARIÑO,2018091,2018-09-01,2018-09,0.00013453558150751998
45,2018,10,16.514775204720966,NARIÑO,2018101,2018-10-01,2018-10,0.00016514775204720965
46,2018,11,19.268184659831096,NARIÑO,2018111,2018-11-01,2018-11,0.00019268184659831095
47,2018,12,26.536275451508743,NARIÑO,2018121,2018-12-01,2018-12,0.00026536275451508745
48,2018,1,15.5040018315135,SANTANDER,2018011,2018-01-01,2018-01,0.000155040018315135
49,2018,2,24.481152977398143,SANTANDER,2018021,2018-02-01,2018-02,0.0002448115297739814
50,2018,3,27.185780186377603,SANTANDER,2018031,2018-03-01,2018-03,0.00027185780186377603
51,2018,4,22.35002087563343,SANTANDER,2018041,2018-04-01,2018-04,0.0002235002087563343
52,2018,5,26.30732620918168,SANTANDER,2018051,2018-05-01,2018-05,0.0002630732620918168
53,2018,6,21.811173832497182,SANTANDER,2018061,2018-06-01,2018-06,0.00021811173832497183
54,2018,7,18.738756962898453,SANTANDER,2018071,2018-07-01,2018-07,0.00018738756962898454
55,2018,8,17.548512464948136,SANTANDER,2018081,2018-08-01,2018-08,0.00017548512464948135
56,2018,9,25.821221498990475,SANTANDER,2018091,2018-09-01,2018-09,0.00025821221498990474
57,2018,10,17.065692698056036,SANTANDER,2018101,2018-10-01,2018-10,0.00017065692698056036
58,2018,11,19.055247231923484,SANTANDER,2018111,2018-11-01,2018-11,0.00019055247231923483
59,2018,12,23.43103155469073,SANTANDER,2018121,2018-12-01,2018-12,0.00023431031554690729
60,2018,1,28.56529628171805,TOLIMA,2018011,2018-01-01,2018-01,0.00028565296281718054
61,2018,2,27.278902707769337,TOLIMA,2018021,2018-02-01,2018-02,0.0002727890270776934
62,2018,3,18.14659357398495,TOLIMA,2018031,2018-03-01,2018-03,0.00018146593573984952
63,2018,4,20.571444597164053,TOLIMA,2018041,2018-04-01,2018-04,0.00020571444597164052
64,2018,5,20.36581307360373,TOLIMA,2018051,2018-05-01,2018-05,0.0002036581307360373
65,2018,6,23.14350297138739,TOLIMA,2018061,2018-06-01,2018-06,0.0002314350297138739
66,2018,7,28.12527719903311,TOLIMA,2018071,2018-07-01,2018-07,0.0002812527719903311
67,2018,8,20.733076077550542,TOLIMA,2018081,2018-08-01,2018-08,0.00020733076077550543
68,2018,9,30.20882262494022,TOLIMA,2018091,2018-09-01,2018-09,0.0003020882262494022
69,2018,10,26.77412521725518,TOLIMA,2018101,2018-10-01,2018-10,0.00026774125217255177
70,2018,11,26.68945567139105,TOLIMA,2018111,2018-11-01,2018-11,0.0002668945567139105
71,2018,12,28.180800268286145,TOLIMA,2018121,2018-12-01,2018-12,0.00028180800268286146
72,2018,1,25.447690213519937,VALLE DEL CAUCA,2018011,2018-01-01,2018-01,0.0002544769021351994
73,2018,2,20.575523358326546,VALLE DEL CAUCA,2018021,2018-02-01,2018-02,0.00020575523358326545
74,2018,3,16.5280904484607,VALLE DEL CAUCA,2018031,2018-03-01,2018-03,0.000165280904484607
75,2018,4,20.060790132932432,VALLE DEL CAUCA,2018041,2018-04-01,2018-04,0.00020060790132932433
76,2018,5,15.81870202079766,VALLE DEL CAUCA,2018051,2018-05-01,2018-05,0.0001581870202079766
77,2018,6,19.601222791901893,VALLE DEL CAUCA,2018061,2018-06-01,2018-06,0.00019601222791901894
78,2018,7,24.803490740035617,VALLE DEL CAUCA,2018071,2018-07-01,2018-07,0.0002480349074003562
79,2018,8,14.6934385228305,VALLE DEL CAUCA,2018081,2018-08-01,2018-08,0.000146934385228305
80,2018,9,17.038563953366516,VALLE DEL CAUCA,2018091,2018-09-01,2018-09,0.00017038563953366515
81,2018,10,17.679700924024594,VALLE DEL CAUCA,2018101,2018-10-01,2018-10,0.00017679700924024593
82,2018,11,17.62289949917707,VALLE DEL CAUCA,2018111,2018-11-01,2018-11,0.0001762289949917707
83,2018,12,14.702765639313604,VALLE DEL CAUCA,2018121,2018-12-01,2018-12,0.00014702765639313604
84,2018,1,6.3035772466585085,ANTIOQUIA,2018011,2018-01-01,2018-01,6.303577246658509e-05
85,2018,2,9.533469823876876,ANTIOQUIA,2018021,2018-02-01,2018-02,9.533469823876876e-05
86,2018,3,12.367246214677705,ANTIOQUIA,2018031,2018-03-01,2018-03,0.00012367246214677706
87,2018,4,10.129721108967528,ANTIOQUIA,2018041,2018-04-01,2018-04,0.00010129721108967528
88,2018,5,9.10135909205384,ANTIOQUIA,2018051,2018-05-01,2018-05,9.10135909205384e-05
89,2018,6,14.883167822676018,ANTIOQUIA,2018061,2018-06-01,2018-06,0.0001488316782267602
90,2018,7,12.159142833197404,ANTIOQUIA,2018071,2018-07-01,2018-07,0.00012159142833197404
91,2018,8,15.210277866359316,ANTIOQUIA,2018081,2018-08-01,2018-08,0.00015210277866359317
92,2018,9,8.259451068816265,ANTIOQUIA,2018091,2018-09-01,2018-09,8.259451068816265e-05
93,2018,10,16.76285694101522,ANTIOQUIA,2018101,2018-10-01,2018-10,0.00016762856941015218
94,2018,11,16.39232479339654,ANTIOQUIA,2018111,2018-11-01,2018-11,0.0001639232479339654
95,2018,12,14.185597474836849,ANTIOQUIA,2018121,2018-12-01,2018-12,0.00014185597474836848
96,2018,1,18.716711820432412,NACIONAL,2018011,2018-01-01,2018-01,0.00018716711820432411
97,2018,2,16.452665655434124,NACIONAL,2018021,2018-02-01,2018-02,0.00016452665655434124
98,2018,3,18.011846803152416,NACIONAL,2018031,2018-03-01,2018-03,0.00018011846803152415
99,2018,4,16.518256412709054,NACIONAL,2018041,2018-04-01,2018-04,0.00016518256412709055
100,2018,5,17.57175513445208,NACIONAL,2018051,2018-05-01,2018-05,0.0001757175513445208
101,2018,6,18.53216083368528,NACIONAL,2018061,2018-06-01,2018-06,0.00018532160833685277
102,2018,7,18.017842594127725,NACIONAL,2018071,2018-07-01,2018-07,0.00018017842594127725
103,2018,8,17.77739722181218,NACIONAL,2018081,2018-08-01,2018-08,0.0001777739722181218
104,2018,9,16.441964617100577,NACIONAL,2018091,2018-09-01,2018-09,0.00016441964617100577
105,2018,10,16.95406819285618,NACIONAL,2018101,2018-10-01,2018-10,0.0001695406819285618
106,2018,11,16.628659055599552,NACIONAL,2018111,2018-11-01,2018-11,0.00016628659055599552
107,2018,12,20.30732909240384,NACIONAL,2018121,2018-12-01,2018-12,0.0002030732909240384
108,2019,1,15.862783773406797,ATLANTICO,2019011,2019-01-01,2019-01,0.00015862783773406796
109,2019,2,20.82453651303532,ATLANTICO,2019021,2019-02-01,2019-02,0.0002082453651303532
110,2019,3,18.934221532042063,ATLANTICO,2019031,2019-03-01,2019-03,0.00018934221532042062
111,2019,4,21.009866723777943,ATLANTICO,2019041,2019-04-01,2019-04,0.00021009866723777944
112,2019,5,17.89226595368029,ATLANTICO,2019051,2019-05-01,2019-05,0.00017892265953680292
113,2019,6,18.706438058329727,ATLANTICO,2019061,2019-06-01,2019-06,0.00018706438058329727
114,2019,7,17.961185537618217,ATLANTICO,2019071,2019-07-01,2019-07,0.00017961185537618217
115,2019,8,19.217809053472063,ATLANTICO,2019081,2019-08-01,2019-08,0.00019217809053472063
116,2019,9,11.708088111367182,ATLANTICO,2019091,2019-09-01,2019-09,0.00011708088111367182
117,2019,10,17.249813541413882,ATLANTICO,2019101,2019-10-01,2019-10,0.00017249813541413882
118,2019,11,16.782675920346307,ATLANTICO,2019111,2019-11-01,2019-11,0.00016782675920346308
119,2019,12,18.16959772883081,ATLANTICO,2019121,2019-12-01,2019-12,0.0001816959772883081
120,2019,1,15.1686191248069,BOGOTA D.C.,2019011,2019-01-01,2019-01,0.000151686191248069
121,2019,2,11.51716711832528,BOGOTA D.C.,2019021,2019-02-01,2019-02,0.00011517167118325281
122,2019,3,13.015816673608647,BOGOTA D.C.,2019031,2019-03-01,2019-03,0.00013015816673608648
123,2019,4,13.13227454739938,BOGOTA D.C.,2019041,2019-04-01,2019-04,0.0001313227454739938
124,2019,5,14.4679991781405,BOGOTA D.C.,2019051,2019-05-01,2019-05,0.000144679991781405
125,2019,6,14.2741019224411,BOGOTA D.C.,2019061,2019-06-01,2019-06,0.00014274101922441098
126,2019,7,15.448653065175684,BOGOTA D.C.,2019071,2019-07-01,2019-07,0.00015448653065175684
127,2019,8,14.97422413610728,BOGOTA D.C.,2019081,2019-08-01,2019-08,0.0001497422413610728
128,2019,9,13.23071678487712,BOGOTA D.C.,2019091,2019-09-01,2019-09,0.0001323071678487712
129,2019,10,12.18979141392906,BOGOTA D.C.,2019101,2019-10-01,2019-10,0.00012189791413929059
130,2019,11,11.842904420109504,BOGOTA D.C.,2019111,2019-11-01,2019-11,0.00011842904420109504
131,2019,12,14.694116235247138,BOGOTA D.C.,2019121,2019-12-01,2019-12,0.00014694116235247138
132,2019,1,15.959826262582888,HUILA,2019011,2019-01-01,2019-01,0.00015959826262582888
133,2019,2,15.31548709856848,HUILA,2019021,2019-02-01,2019-02,0.0001531548709856848
134,2019,3,15.349204172418128,HUILA,2019031,2019-03-01,2019-03,0.0001534920417241813
135,2019,4,12.63305497153934,HUILA,2019041,2019-04-01,2019-04,0.0001263305497153934
136,2019,5,12.996142980168509,HUILA,2019051,2019-05-01,2019-05,0.0001299614298016851
137,2019,6,15.5597888674319,HUILA,2019061,2019-06-01,2019-06,0.000155597888674319
138,2019,7,12.768597519243745,HUILA,2019071,2019-07-01,2019-07,0.00012768597519243746
139,2019,8,12.295995544514552,HUILA,2019081,2019-08-01,2019-08,0.0001229599554451455
140,2019,9,12.17234259164925,HUILA,2019091,2019-09-01,2019-09,0.00012172342591649249
141,2019,10,11.540184840014932,HUILA,2019101,2019-10-01,2019-10,0.00011540184840014932
142,2019,11,14.499629415944332,HUILA,2019111,2019-11-01,2019-11,0.00014499629415944332
143,2019,12,17.098165030163834,HUILA,2019121,2019-12-01,2019-12,0.00017098165030163834
144,2019,1,25.873040353619004,NARIÑO,2019011,2019-01-01,2019-01,0.00025873040353619
145,2019,2,20.760585147930037,NARIÑO,2019021,2019-02-01,2019-02,0.00020760585147930037
146,2019,3,21.01239034815745,NARIÑO,2019031,2019-03-01,2019-03,0.0002101239034815745
147,2019,4,20.532238419075696,NARIÑO,2019041,2019-04-01,2019-04,0.00020532238419075695
148,2019,5,27.405232035133025,NARIÑO,2019051,2019-05-01,2019-05,0.00027405232035133026
149,2019,6,34.88428560061153,NARIÑO,2019061,2019-06-01,2019-06,0.00034884285600611525
150,2019,7,25.02687647972941,NARIÑO,2019071,2019-07-01,2019-07,0.0002502687647972941
151,2019,8,24.809301170508444,NARIÑO,2019081,2019-08-01,2019-08,0.00024809301170508445
152,2019,9,13.147032849813826,NARIÑO,2019091,2019-09-01,2019-09,0.00013147032849813826
153,2019,10,16.612117374246456,NARIÑO,2019101,2019-10-01,2019-10,0.00016612117374246457
154,2019,11,17.15413588636484,NARIÑO,2019111,2019-11-01,2019-11,0.00017154135886364842
155,2019,12,22.35437597654952,NARIÑO,2019121,2019-12-01,2019-12,0.00022354375976549518
156,2019,1,13.893976227881057,SANTANDER,2019011,2019-01-01,2019-01,0.00013893976227881055
157,2019,2,26.88116413444898,SANTANDER,2019021,2019-02-01,2019-02,0.0002688116413444898
158,2019,3,20.290715573791037,SANTANDER,2019031,2019-03-01,2019-03,0.00020290715573791036
159,2019,4,19.400808117654964,SANTANDER,2019041,2019-04-01,2019-04,0.00019400808117654966
160,2019,5,22.391282260972027,SANTANDER,2019051,2019-05-01,2019-05,0.00022391282260972027
161,2019,6,22.055591809198518,SANTANDER,2019061,2019-06-01,2019-06,0.00022055591809198519
162,2019,7,20.0651689827642,SANTANDER,2019071,2019-07-01,2019-07,0.000200651689827642
163,2019,8,17.367364442023284,SANTANDER,2019081,2019-08-01,2019-08,0.00017367364442023284
164,2019,9,20.8560633405686,SANTANDER,2019091,2019-09-01,2019-09,0.000208560633405686
165,2019,10,17.398273489686492,SANTANDER,2019101,2019-10-01,2019-10,0.00017398273489686492
166,2019,11,15.661736719076282,SANTANDER,2019111,2019-11-01,2019-11,0.00015661736719076283
167,2019,12,18.713842422241918,SANTANDER,2019121,2019-12-01,2019-12,0.00018713842422241918
168,2019,1,30.33823260788581,TOLIMA,2019011,2019-01-01,2019-01,0.00030338232607885813
169,2019,2,28.95327110661273,TOLIMA,2019021,2019-02-01,2019-02,0.00028953271106612726
170,2019,3,20.23127679993083,TOLIMA,2019031,2019-03-01,2019-03,0.00020231276799930828
171,2019,4,23.459759104125645,TOLIMA,2019041,2019-04-01,2019-04,0.00023459759104125645
172,2019,5,22.08090687863039,TOLIMA,2019051,2019-05-01,2019-05,0.00022080906878630392
173,2019,6,23.54718008427865,TOLIMA,2019061,2019-06-01,2019-06,0.00023547180084278652
174,2019,7,30.26044372840139,TOLIMA,2019071,2019-07-01,2019-07,0.0003026044372840139
175,2019,8,26.233213968744877,TOLIMA,2019081,2019-08-01,2019-08,0.0002623321396874488
176,2019,9,29.282692424313684,TOLIMA,2019091,2019-09-01,2019-09,0.0002928269242431368
177,2019,10,25.95814225226192,TOLIMA,2019101,2019-10-01,2019-10,0.0002595814225226192
178,2019,11,25.245974985022777,TOLIMA,2019111,2019-11-01,2019-11,0.00025245974985022777
179,2019,12,25.71152084261164,TOLIMA,2019121,2019-12-01,2019-12,0.0002571152084261164
180,2019,1,23.955792971603262,VALLE DEL CAUCA,2019011,2019-01-01,2019-01,0.00023955792971603262
181,2019,2,21.183397435974165,VALLE DEL CAUCA,2019021,2019-02-01,2019-02,0.00021183397435974166
182,2019,3,20.12671816726125,VALLE DEL CAUCA,2019031,2019-03-01,2019-03,0.00020126718167261248
183,2019,4,20.12157032699591,VALLE DEL CAUCA,2019041,2019-04-01,2019-04,0.00020121570326995912
184,2019,5,19.390034760261404,VALLE DEL CAUCA,2019051,2019-05-01,2019-05,0.00019390034760261403
185,2019,6,20.37923059865958,VALLE DEL CAUCA,2019061,2019-06-01,2019-06,0.0002037923059865958
186,2019,7,26.59396371254265,VALLE DEL CAUCA,2019071,2019-07-01,2019-07,0.0002659396371254265
187,2019,8,14.250954889970462,VALLE DEL CAUCA,2019081,2019-08-01,2019-08,0.0001425095488997046
188,2019,9,19.35701846021832,VALLE DEL CAUCA,2019091,2019-09-01,2019-09,0.0001935701846021832
189,2019,10,18.111404652775,VALLE DEL CAUCA,2019101,2019-10-01,2019-10,0.00018111404652775
190,2019,11,18.22704878538641,VALLE DEL CAUCA,2019111,2019-11-01,2019-11,0.00018227048785386408
191,2019,12,12.688456816912405,VALLE DEL CAUCA,2019121,2019-12-01,2019-12,0.00012688456816912404
192,2019,1,8.484530593431252,ANTIOQUIA,2019011,2019-01-01,2019-01,8.484530593431252e-05
193,2019,2,12.248061947595971,ANTIOQUIA,2019021,2019-02-01,2019-02,0.0001224806194759597
194,2019,3,14.684833352138996,ANTIOQUIA,2019031,2019-03-01,2019-03,0.00014684833352138996
195,2019,4,12.656874672226424,ANTIOQUIA,2019041,2019-04-01,2019-04,0.00012656874672226423
196,2019,5,10.83909996617196,ANTIOQUIA,2019051,2019-05-01,2019-05,0.0001083909996617196
197,2019,6,16.40599711304286,ANTIOQUIA,2019061,2019-06-01,2019-06,0.0001640599711304286
198,2019,7,13.98755460959873,ANTIOQUIA,2019071,2019-07-01,2019-07,0.0001398755460959873
199,2019,8,18.525251166466028,ANTIOQUIA,2019081,2019-08-01,2019-08,0.00018525251166466027
200,2019,9,10.661072857647511,ANTIOQUIA,2019091,2019-09-01,2019-09,0.00010661072857647511
201,2019,10,19.36548533662269,ANTIOQUIA,2019101,2019-10-01,2019-10,0.0001936548533662269
202,2019,11,16.265376794148047,ANTIOQUIA,2019111,2019-11-01,2019-11,0.00016265376794148047
203,2019,12,17.04275844588388,ANTIOQUIA,2019121,2019-12-01,2019-12,0.0001704275844588388
204,2019,1,20.581024978799267,NACIONAL,2019011,2019-01-01,2019-01,0.00020581024978799265
205,2019,2,17.571342210924097,NACIONAL,2019021,2019-02-01,2019-02,0.00017571342210924098
206,2019,3,18.38728213581169,NACIONAL,2019031,2019-03-01,2019-03,0.00018387282135811693
207,2019,4,18.516019264307506,NACIONAL,2019041,2019-04-01,2019-04,0.00018516019264307504
208,2019,5,19.641923005041,NACIONAL,2019051,2019-05-01,2019-05,0.00019641923005041001
209,2019,6,20.887563893502737,NACIONAL,2019061,2019-06-01,2019-06,0.00020887563893502736
210,2019,7,20.5754984250804,NACIONAL,2019071,2019-07-01,2019-07,0.000205754984250804
211,2019,8,19.28820677887748,NACIONAL,2019081,2019-08-01,2019-08,0.0001928820677887748
212,2019,9,16.8780805622695,NACIONAL,2019091,2019-09-01,2019-09,0.00016878080562269499
213,2019,10,17.12511164208365,NACIONAL,2019101,2019-10-01,2019-10,0.0001712511164208365
214,2019,11,16.90063163806908,NACIONAL,2019111,2019-11-01,2019-11,0.0001690063163806908
215,2019,12,19.69759105848037,NACIONAL,2019121,2019-12-01,2019-12,0.0001969759105848037
216,2020,1,20.078176542871415,ATLANTICO,2020011,2020-01-01,2020-01,0.00020078176542871415
217,2020,2,24.62912390600016,ATLANTICO,2020021,2020-02-01,2020-02,0.0002462912390600016
218,2020,3,21.39319161284512,ATLANTICO,2020031,2020-03-01,2020-03,0.00021393191612845117
219,2020,4,24.120363836251585,ATLANTICO,2020041,2020-04-01,2020-04,0.00024120363836251584
220,2020,5,24.861638768453503,ATLANTICO,2020051,2020-05-01,2020-05,0.00024861638768453503
221,2020,6,27.491563361212293,ATLANTICO,2020061,2020-06-01,2020-06,0.0002749156336121229
222,2020,7,23.42834181037952,ATLANTICO,2020071,2020-07-01,2020-07,0.00023428341810379522
223,2020,8,26.280593675840343,ATLANTICO,2020081,2020-08-01,2020-08,0.00026280593675840345
224,2020,9,12.59435551418774,ATLANTICO,2020091,2020-09-01,2020-09,0.0001259435551418774
225,2020,10,18.846725973596897,ATLANTICO,2020101,2020-10-01,2020-10,0.00018846725973596898
226,2020,11,16.400140149384644,ATLANTICO,2020111,2020-11-01,2020-11,0.00016400140149384643
227,2020,12,18.435457724830275,ATLANTICO,2020121,2020-12-01,2020-12,0.00018435457724830275
228,2020,1,20.769006714391363,BOGOTA D.C.,2020011,2020-01-01,2020-01,0.00020769006714391362
229,2020,2,14.77084581658896,BOGOTA D.C.,2020021,2020-02-01,2020-02,0.0001477084581658896
230,2020,3,17.39997513814541,BOGOTA D.C.,2020031,2020-03-01,2020-03,0.0001739997513814541
231,2020,4,15.557797328475136,BOGOTA D.C.,2020041,2020-04-01,2020-04,0.00015557797328475135
232,2020,5,18.083722661728817,BOGOTA D.C.,2020051,2020-05-01,2020-05,0.00018083722661728818
233,2020,6,20.644848989843297,BOGOTA D.C.,2020061,2020-06-01,2020-06,0.00020644848989843296
234,2020,7,19.552129101925644,BOGOTA D.C.,2020071,2020-07-01,2020-07,0.00019552129101925645
235,2020,8,18.92249087035145,BOGOTA D.C.,2020081,2020-08-01,2020-08,0.0001892249087035145
236,2020,9,16.68981157871475,BOGOTA D.C.,2020091,2020-09-01,2020-09,0.0001668981157871475
237,2020,10,13.771148512489702,BOGOTA D.C.,2020101,2020-10-01,2020-10,0.000137711485124897
238,2020,11,16.22118557399401,BOGOTA D.C.,2020111,2020-11-01,2020-11,0.00016221185573994009
239,2020,12,17.809609540290264,BOGOTA D.C.,2020121,2020-12-01,2020-12,0.00017809609540290263
240,2020,1,17.90785211337652,HUILA,2020011,2020-01-01,2020-01,0.0001790785211337652
241,2020,2,16.321853449877747,HUILA,2020021,2020-02-01,2020-02,0.00016321853449877745
242,2020,3,14.70878709786244,HUILA,2020031,2020-03-01,2020-03,0.0001470878709786244
243,2020,4,18.055410624899828,HUILA,2020041,2020-04-01,2020-04,0.0001805541062489983
244,2020,5,14.358154746681247,HUILA,2020051,2020-05-01,2020-05,0.00014358154746681246
245,2020,6,15.182780087621303,HUILA,2020061,2020-06-01,2020-06,0.00015182780087621303
246,2020,7,15.607931386763882,HUILA,2020071,2020-07-01,2020-07,0.00015607931386763882
247,2020,8,16.752466104204295,HUILA,2020081,2020-08-01,2020-08,0.00016752466104204294
248,2020,9,16.999427701577982,HUILA,2020091,2020-09-01,2020-09,0.00016999427701577983
249,2020,10,13.320958152609103,HUILA,2020101,2020-10-01,2020-10,0.00013320958152609103
250,2020,11,18.21112239668847,HUILA,2020111,2020-11-01,2020-11,0.0001821112239668847
251,2020,12,16.060391969936532,HUILA,2020121,2020-12-01,2020-12,0.00016060391969936532
252,2020,1,24.322510434346547,NARIÑO,2020011,2020-01-01,2020-01,0.00024322510434346547
253,2020,2,17.60972118151718,NARIÑO,2020021,2020-02-01,2020-02,0.0001760972118151718
254,2020,3,21.626272533663087,NARIÑO,2020031,2020-03-01,2020-03,0.00021626272533663087
255,2020,4,23.050397302584944,NARIÑO,2020041,2020-04-01,2020-04,0.00023050397302584944
256,2020,5,30.13580193754066,NARIÑO,2020051,2020-05-01,2020-05,0.0003013580193754066
257,2020,6,34.81700377928352,NARIÑO,2020061,2020-06-01,2020-06,0.0003481700377928352
258,2020,7,28.96298104195845,NARIÑO,2020071,2020-07-01,2020-07,0.0002896298104195845
259,2020,8,19.998744524454803,NARIÑO,2020081,2020-08-01,2020-08,0.00019998744524454804
260,2020,9,13.426177108617152,NARIÑO,2020091,2020-09-01,2020-09,0.00013426177108617152
261,2020,10,17.462698318288215,NARIÑO,2020101,2020-10-01,2020-10,0.00017462698318288216
262,2020,11,15.959928011515304,NARIÑO,2020111,2020-11-01,2020-11,0.00015959928011515304
263,2020,12,19.67973161182747,NARIÑO,2020121,2020-12-01,2020-12,0.0001967973161182747
264,2020,1,12.027553820795358,SANTANDER,2020011,2020-01-01,2020-01,0.00012027553820795358
265,2020,2,28.512302800958903,SANTANDER,2020021,2020-02-01,2020-02,0.00028512302800958903
266,2020,3,14.62921229445592,SANTANDER,2020031,2020-03-01,2020-03,0.0001462921229445592
267,2020,4,16.267833716214966,SANTANDER,2020041,2020-04-01,2020-04,0.00016267833716214966
268,2020,5,18.40980702736008,SANTANDER,2020051,2020-05-01,2020-05,0.00018409807027360082
269,2020,6,21.544003404135317,SANTANDER,2020061,2020-06-01,2020-06,0.00021544003404135316
270,2020,7,20.75452898169353,SANTANDER,2020071,2020-07-01,2020-07,0.0002075452898169353
271,2020,8,16.60334315797392,SANTANDER,2020081,2020-08-01,2020-08,0.0001660334315797392
272,2020,9,16.272560995721385,SANTANDER,2020091,2020-09-01,2020-09,0.00016272560995721385
273,2020,10,17.13390690053124,SANTANDER,2020101,2020-10-01,2020-10,0.0001713390690053124
274,2020,11,12.434641453692429,SANTANDER,2020111,2020-11-01,2020-11,0.0001243464145369243
275,2020,12,14.43785063553756,SANTANDER,2020121,2020-12-01,2020-12,0.0001443785063553756
276,2020,1,39.050706204842925,TOLIMA,2020011,2020-01-01,2020-01,0.0003905070620484292
277,2020,2,37.2439254358041,TOLIMA,2020021,2020-02-01,2020-02,0.000372439254358041
278,2020,3,27.33622516954281,TOLIMA,2020031,2020-03-01,2020-03,0.0002733622516954281
279,2020,4,32.42420806880209,TOLIMA,2020041,2020-04-01,2020-04,0.00032424208068802086
280,2020,5,29.014769891807923,TOLIMA,2020051,2020-05-01,2020-05,0.0002901476989180792
281,2020,6,29.03593316736064,TOLIMA,2020061,2020-06-01,2020-06,0.0002903593316736064
282,2020,7,39.45852475842473,TOLIMA,2020071,2020-07-01,2020-07,0.0003945852475842473
283,2020,8,40.227804729134455,TOLIMA,2020081,2020-08-01,2020-08,0.00040227804729134456
284,2020,9,34.4013340188754,TOLIMA,2020091,2020-09-01,2020-09,0.000344013340188754
285,2020,10,30.501345484220742,TOLIMA,2020101,2020-10-01,2020-10,0.00030501345484220744
286,2020,11,28.94220732041404,TOLIMA,2020111,2020-11-01,2020-11,0.0002894220732041404
287,2020,12,28.430813186943404,TOLIMA,2020121,2020-12-01,2020-12,0.00028430813186943404
288,2020,1,20.481824738846427,VALLE DEL CAUCA,2020011,2020-01-01,2020-01,0.00020481824738846426
289,2020,2,19.807800374177884,VALLE DEL CAUCA,2020021,2020-02-01,2020-02,0.00019807800374177883
290,2020,3,22.25969257763698,VALLE DEL CAUCA,2020031,2020-03-01,2020-03,0.0002225969257763698
291,2020,4,18.33038639252604,VALLE DEL CAUCA,2020041,2020-04-01,2020-04,0.0001833038639252604
292,2020,5,21.586500507368275,VALLE DEL CAUCA,2020051,2020-05-01,2020-05,0.00021586500507368275
293,2020,6,19.243688332996104,VALLE DEL CAUCA,2020061,2020-06-01,2020-06,0.00019243688332996103
294,2020,7,25.896987679241683,VALLE DEL CAUCA,2020071,2020-07-01,2020-07,0.00025896987679241684
295,2020,8,12.553372123685868,VALLE DEL CAUCA,2020081,2020-08-01,2020-08,0.0001255337212368587
296,2020,9,19.97284134580016,VALLE DEL CAUCA,2020091,2020-09-01,2020-09,0.0001997284134580016
297,2020,10,16.850983995961062,VALLE DEL CAUCA,2020101,2020-10-01,2020-10,0.00016850983995961064
298,2020,11,17.121872547130838,VALLE DEL CAUCA,2020111,2020-11-01,2020-11,0.00017121872547130838
299,2020,12,9.945222176146636,VALLE DEL CAUCA,2020121,2020-12-01,2020-12,9.945222176146636e-05
300,2020,1,8.235139940780877,ANTIOQUIA,2020011,2020-01-01,2020-01,8.235139940780877e-05
301,2020,2,11.347133779701055,ANTIOQUIA,2020021,2020-02-01,2020-02,0.00011347133779701055
302,2020,3,12.573826416297964,ANTIOQUIA,2020031,2020-03-01,2020-03,0.00012573826416297963
303,2020,4,11.404017992186816,ANTIOQUIA,2020041,2020-04-01,2020-04,0.00011404017992186816
304,2020,5,9.308562446088755,ANTIOQUIA,2020051,2020-05-01,2020-05,9.308562446088756e-05
305,2020,6,13.041042358799332,ANTIOQUIA,2020061,2020-06-01,2020-06,0.00013041042358799331
306,2020,7,11.60334093020661,ANTIOQUIA,2020071,2020-07-01,2020-07,0.0001160334093020661
307,2020,8,16.270222222036963,ANTIOQUIA,2020081,2020-08-01,2020-08,0.00016270222222036963
308,2020,9,9.923230076266572,ANTIOQUIA,2020091,2020-09-01,2020-09,9.923230076266572e-05
309,2020,10,16.132852222132247,ANTIOQUIA,2020101,2020-10-01,2020-10,0.00016132852222132247
310,2020,11,11.638315577073026,ANTIOQUIA,2020111,2020-11-01,2020-11,0.00011638315577073026
311,2020,12,14.76503795683722,ANTIOQUIA,2020121,2020-12-01,2020-12,0.00014765037956837221
312,2020,1,25.60748971770467,NACIONAL,2020011,2020-01-01,2020-01,0.0002560748971770467
313,2020,2,21.234212672618927,NACIONAL,2020021,2020-02-01,2020-02,0.00021234212672618927
314,2020,3,21.239260743364,NACIONAL,2020031,2020-03-01,2020-03,0.00021239260743364
315,2020,4,23.48516445290979,NACIONAL,2020041,2020-04-01,2020-04,0.00023485164452909788
316,2020,5,24.843651420028216,NACIONAL,2020051,2020-05-01,2020-05,0.00024843651420028217
317,2020,6,26.6386421156614,NACIONAL,2020061,2020-06-01,2020-06,0.000266386421156614
318,2020,7,26.58645919131986,NACIONAL,2020071,2020-07-01,2020-07,0.0002658645919131986
319,2020,8,23.67980333080633,NACIONAL,2020081,2020-08-01,2020-08,0.0002367980333080633
320,2020,9,19.604463548592776,NACIONAL,2020091,2020-09-01,2020-09,0.00019604463548592775
321,2020,10,19.572912666874497,NACIONAL,2020101,2020-10-01,2020-10,0.00019572912666874497
322,2020,11,19.43619306541002,NACIONAL,2020111,2020-11-01,2020-11,0.0001943619306541002
323,2020,12,21.61901923227118,NACIONAL,2020121,2020-12-01,2020-12,0.00021619019232271182
324,2021,1,16.918309053776873,ATLANTICO,2021011,2021-01-01,2021-01,0.00016918309053776874
325,2021,2,19.391455343440786,ATLANTICO,2021021,2021-02-01,2021-02,0.00019391455343440787
326,2021,3,16.091314732901445,ATLANTICO,2021031,2021-03-01,2021-03,0.00016091314732901446
327,2021,4,18.4345369376628,ATLANTICO,2021041,2021-04-01,2021-04,0.00018434536937662798
328,2021,5,22.997571640439254,ATLANTICO,2021051,2021-05-01,2021-05,0.00022997571640439253
329,2021,6,26.89648926326432,ATLANTICO,2021061,2021-06-01,2021-06,0.0002689648926326432
330,2021,7,20.34398024480103,ATLANTICO,2021071,2021-07-01,2021-07,0.0002034398024480103
331,2021,8,23.925129146511168,ATLANTICO,2021081,2021-08-01,2021-08,0.00023925129146511168
332,2021,9,9.018903416741958,ATLANTICO,2021091,2021-09-01,2021-09,9.018903416741959e-05
333,2021,10,13.708036385595207,ATLANTICO,2021101,2021-10-01,2021-10,0.00013708036385595208
334,2021,11,10.66895127883461,ATLANTICO,2021111,2021-11-01,2021-11,0.00010668951278834611
335,2021,12,12.45232247755014,ATLANTICO,2021121,2021-12-01,2021-12,0.0001245232247755014
336,2021,1,22.493999255589333,BOGOTA D.C.,2021011,2021-01-01,2021-01,0.00022493999255589333
337,2021,2,14.984640584083555,BOGOTA D.C.,2021021,2021-02-01,2021-02,0.00014984640584083555
338,2021,3,18.399545785160235,BOGOTA D.C.,2021031,2021-03-01,2021-03,0.00018399545785160236
339,2021,4,14.579328957337443,BOGOTA D.C.,2021041,2021-04-01,2021-04,0.00014579328957337444
340,2021,5,17.87921595169306,BOGOTA D.C.,2021051,2021-05-01,2021-05,0.00017879215951693058
341,2021,6,23.618694954763463,BOGOTA D.C.,2021061,2021-06-01,2021-06,0.00023618694954763463
342,2021,7,19.57396294119398,BOGOTA D.C.,2021071,2021-07-01,2021-07,0.0001957396294119398
343,2021,8,18.91444266649772,BOGOTA D.C.,2021081,2021-08-01,2021-08,0.0001891444266649772
344,2021,9,16.65331756872204,BOGOTA D.C.,2021091,2021-09-01,2021-09,0.00016653317568722043
345,2021,10,12.306238257753996,BOGOTA D.C.,2021101,2021-10-01,2021-10,0.00012306238257753997
346,2021,11,17.574712562890888,BOGOTA D.C.,2021111,2021-11-01,2021-11,0.00017574712562890888
347,2021,12,17.07444495123349,BOGOTA D.C.,2021121,2021-12-01,2021-12,0.00017074444951233492
348,2021,1,16.9496500060641,HUILA,2021011,2021-01-01,2021-01,0.000169496500060641
349,2021,2,14.67269973549456,HUILA,2021021,2021-02-01,2021-02,0.00014672699735494558
350,2021,3,11.889668781337932,HUILA,2021031,2021-03-01,2021-03,0.00011889668781337931
351,2021,4,21.767484777983377,HUILA,2021041,2021-04-01,2021-04,0.00021767484777983378
352,2021,5,13.380879952433544,HUILA,2021051,2021-05-01,2021-05,0.00013380879952433543
353,2021,6,12.496856970888604,HUILA,2021061,2021-06-01,2021-06,0.00012496856970888604
354,2021,7,16.093458796476572,HUILA,2021071,2021-07-01,2021-07,0.00016093458796476572
355,2021,8,19.25287957627092,HUILA,2021081,2021-08-01,2021-08,0.0001925287957627092
356,2021,9,20.026097680780293,HUILA,2021091,2021-09-01,2021-09,0.00020026097680780292
357,2021,10,12.970599771740693,HUILA,2021101,2021-10-01,2021-10,0.00012970599771740693
358,2021,11,19.29382875981952,HUILA,2021111,2021-11-01,2021-11,0.00019293828759819518
359,2021,12,12.72520162109921,HUILA,2021121,2021-12-01,2021-12,0.00012725201621099208
360,2021,1,22.320297516309655,NARIÑO,2021011,2021-01-01,2021-01,0.00022320297516309655
361,2021,2,14.58129235421967,NARIÑO,2021021,2021-02-01,2021-02,0.0001458129235421967
362,2021,3,21.72793890803884,NARIÑO,2021031,2021-03-01,2021-03,0.0002172793890803884
363,2021,4,25.261037321618197,NARIÑO,2021041,2021-04-01,2021-04,0.000252610373216182
364,2021,5,32.34913486668829,NARIÑO,2021051,2021-05-01,2021-05,0.0003234913486668829
365,2021,6,33.92216827123037,NARIÑO,2021061,2021-06-01,2021-06,0.0003392216827123037
366,2021,7,32.71979079026723,NARIÑO,2021071,2021-07-01,2021-07,0.0003271979079026723
367,2021,8,15.7369868565143,NARIÑO,2021081,2021-08-01,2021-08,0.000157369868565143
368,2021,9,13.384669251601144,NARIÑO,2021091,2021-09-01,2021-09,0.00013384669251601143
369,2021,10,17.919602012001086,NARIÑO,2021101,2021-10-01,2021-10,0.00017919602012001087
370,2021,11,14.495181526502265,NARIÑO,2021111,2021-11-01,2021-11,0.00014495181526502263
371,2021,12,16.912446661123568,NARIÑO,2021121,2021-12-01,2021-12,0.00016912446661123567
372,2021,1,11.571477244505934,SANTANDER,2021011,2021-01-01,2021-01,0.00011571477244505933
373,2021,2,33.61067664764361,SANTANDER,2021021,2021-02-01,2021-02,0.00033610676647643606
374,2021,3,11.722095645180012,SANTANDER,2021031,2021-03-01,2021-03,0.00011722095645180012
375,2021,4,15.160040726106216,SANTANDER,2021041,2021-04-01,2021-04,0.00015160040726106217
376,2021,5,16.822101421142882,SANTANDER,2021051,2021-05-01,2021-05,0.00016822101421142883
377,2021,6,23.38809459616603,SANTANDER,2021061,2021-06-01,2021-06,0.0002338809459616603
378,2021,7,23.85852994484557,SANTANDER,2021071,2021-07-01,2021-07,0.0002385852994484557
379,2021,8,17.64078510102402,SANTANDER,2021081,2021-08-01,2021-08,0.00017640785101024018
380,2021,9,14.11042901558163,SANTANDER,2021091,2021-09-01,2021-09,0.0001411042901558163
381,2021,10,18.7528548166372,SANTANDER,2021101,2021-10-01,2021-10,0.000187528548166372
382,2021,11,10.972039299086047,SANTANDER,2021111,2021-11-01,2021-11,0.00010972039299086048
383,2021,12,12.379493043780624,SANTANDER,2021121,2021-12-01,2021-12,0.00012379493043780624
384,2021,1,37.35612397586929,TOLIMA,2021011,2021-01-01,2021-01,0.0003735612397586929
385,2021,2,35.604718833737465,TOLIMA,2021021,2021-02-01,2021-02,0.00035604718833737463
386,2021,3,27.45036317411845,TOLIMA,2021031,2021-03-01,2021-03,0.0002745036317411845
387,2021,4,33.30500533013978,TOLIMA,2021041,2021-04-01,2021-04,0.0003330500533013978
388,2021,5,28.334506668203304,TOLIMA,2021051,2021-05-01,2021-05,0.00028334506668203306
389,2021,6,26.60890306857064,TOLIMA,2021061,2021-06-01,2021-06,0.0002660890306857064
390,2021,7,38.23848671468552,TOLIMA,2021071,2021-07-01,2021-07,0.00038238486714685523
391,2021,8,45.84536825849716,TOLIMA,2021081,2021-08-01,2021-08,0.0004584536825849716
392,2021,9,30.035430608769367,TOLIMA,2021091,2021-09-01,2021-09,0.0003003543060876937
393,2021,10,26.63536713661069,TOLIMA,2021101,2021-10-01,2021-10,0.0002663536713661069
394,2021,11,24.65843179299175,TOLIMA,2021111,2021-11-01,2021-11,0.00024658431792991747
395,2021,12,23.36388703940969,TOLIMA,2021121,2021-12-01,2021-12,0.0002336388703940969
396,2021,1,25.019877761780403,VALLE DEL CAUCA,2021011,2021-01-01,2021-01,0.00025019877761780406
397,2021,2,26.46277170504596,VALLE DEL CAUCA,2021021,2021-02-01,2021-02,0.0002646277170504596
398,2021,3,35.17416549016625,VALLE DEL CAUCA,2021031,2021-03-01,2021-03,0.00035174165490166256
399,2021,4,23.858317406935303,VALLE DEL CAUCA,2021041,2021-04-01,2021-04,0.00023858317406935304
400,2021,5,34.33557627565786,VALLE DEL CAUCA,2021051,2021-05-01,2021-05,0.0003433557627565786
401,2021,6,25.962546602634443,VALLE DEL CAUCA,2021061,2021-06-01,2021-06,0.00025962546602634445
402,2021,7,36.0307972710691,VALLE DEL CAUCA,2021071,2021-07-01,2021-07,0.000360307972710691
403,2021,8,15.79920681349052,VALLE DEL CAUCA,2021081,2021-08-01,2021-08,0.0001579920681349052
404,2021,9,29.44419489615,VALLE DEL CAUCA,2021091,2021-09-01,2021-09,0.00029444194896150003
405,2021,10,22.400455108213176,VALLE DEL CAUCA,2021101,2021-10-01,2021-10,0.00022400455108213176
406,2021,11,22.97971337117516,VALLE DEL CAUCA,2021111,2021-11-01,2021-11,0.0002297971337117516
407,2021,12,11.137266631479209,VALLE DEL CAUCA,2021121,2021-12-01,2021-12,0.00011137266631479208
408,2021,1,16.0870150497098,ANTIOQUIA,2021011,2021-01-01,2021-01,0.00016087015049709802
409,2021,2,21.157594868354057,ANTIOQUIA,2021021,2021-02-01,2021-02,0.00021157594868354056
410,2021,3,21.66841873659768,ANTIOQUIA,2021031,2021-03-01,2021-03,0.0002166841873659768
411,2021,4,20.6800044941928,ANTIOQUIA,2021041,2021-04-01,2021-04,0.000206800044941928
412,2021,5,16.08915858181332,ANTIOQUIA,2021051,2021-05-01,2021-05,0.00016089158581813318
413,2021,6,20.863314328127704,ANTIOQUIA,2021061,2021-06-01,2021-06,0.00020863314328127704
414,2021,7,19.37249830749026,ANTIOQUIA,2021071,2021-07-01,2021-07,0.00019372498307490261
415,2021,8,28.759688997480787,ANTIOQUIA,2021081,2021-08-01,2021-08,0.00028759688997480787
416,2021,9,18.589449600733733,ANTIOQUIA,2021091,2021-09-01,2021-09,0.00018589449600733734
417,2021,10,27.049251162876494,ANTIOQUIA,2021101,2021-10-01,2021-10,0.00027049251162876496
418,2021,11,16.760132615845173,ANTIOQUIA,2021111,2021-11-01,2021-11,0.00016760132615845172
419,2021,12,25.744861975583326,ANTIOQUIA,2021121,2021-12-01,2021-12,0.00025744861975583326
420,2021,1,25.765488806002686,NACIONAL,2021011,2021-01-01,2021-01,0.00025765488806002684
421,2021,2,20.75098709569569,NACIONAL,2021021,2021-02-01,2021-02,0.00020750987095695693
422,2021,3,19.83958689490697,NACIONAL,2021031,2021-03-01,2021-03,0.00019839586894906968
423,2021,4,24.08856666648032,NACIONAL,2021041,2021-04-01,2021-04,0.0002408856666648032
424,2021,5,25.410793186561477,NACIONAL,2021051,2021-05-01,2021-05,0.0002541079318656148
425,2021,6,27.47310505488061,NACIONAL,2021061,2021-06-01,2021-06,0.0002747310505488061
426,2021,7,27.7806248775682,NACIONAL,2021071,2021-07-01,2021-07,0.000277806248775682
427,2021,8,23.509083619426075,NACIONAL,2021081,2021-08-01,2021-08,0.00023509083619426075
428,2021,9,18.414428378140254,NACIONAL,2021091,2021-09-01,2021-09,0.00018414428378140256
429,2021,10,18.09042945979407,NACIONAL,2021101,2021-10-01,2021-10,0.0001809042945979407
430,2021,11,18.075521850031848,NACIONAL,2021111,2021-11-01,2021-11,0.00018075521850031848
431,2021,12,19.188023014560525,NACIONAL,2021121,2021-12-01,2021-12,0.00019188023014560525
432,2022,1,16.757711243399058,ATLANTICO,2022011,2022-01-01,2022-01,0.00016757711243399058
433,2022,2,17.947208501166273,ATLANTICO,2022021,2022-02-01,2022-02,0.00017947208501166274
434,2022,3,14.227629285140884,ATLANTICO,2022031,2022-03-01,2022-03,0.00014227629285140883
435,2022,4,16.561729012934943,ATLANTICO,2022041,2022-04-01,2022-04,0.00016561729012934943
436,2022,5,25.006866281936865,ATLANTICO,2022051,2022-05-01,2022-05,0.00025006866281936866
437,2022,6,30.93262794463875,ATLANTICO,2022061,2022-06-01,2022-06,0.0003093262794463875
438,2022,7,20.766120142513135,ATLANTICO,2022071,2022-07-01,2022-07,0.00020766120142513134
439,2022,8,25.603449027779742,ATLANTICO,2022081,2022-08-01,2022-08,0.0002560344902777974
440,2022,9,7.592006771435837,ATLANTICO,2022091,2022-09-01,2022-09,7.592006771435836e-05
441,2022,10,11.720324711276517,ATLANTICO,2022101,2022-10-01,2022-10,0.00011720324711276517
442,2022,11,8.158700060021312,ATLANTICO,2022111,2022-11-01,2022-11,8.158700060021312e-05
443,2022,12,9.887166692301172,ATLANTICO,2022121,2022-12-01,2022-12,9.887166692301171e-05
444,2022,1,27.84110113287988,BOGOTA D.C.,2022011,2022-01-01,2022-01,0.0002784110113287988
445,2022,2,17.372250300921966,BOGOTA D.C.,2022021,2022-02-01,2022-02,0.00017372250300921966
446,2022,3,22.23485789324271,BOGOTA D.C.,2022031,2022-03-01,2022-03,0.00022234857893242712
447,2022,4,15.613337316575477,BOGOTA D.C.,2022041,2022-04-01,2022-04,0.00015613337316575476
448,2022,5,20.20123327903971,BOGOTA D.C.,2022051,2022-05-01,2022-05,0.00020201233279039708
449,2022,6,30.879400871119348,BOGOTA D.C.,2022061,2022-06-01,2022-06,0.0003087940087111935
450,2022,7,22.394029658837187,BOGOTA D.C.,2022071,2022-07-01,2022-07,0.00022394029658837186
451,2022,8,21.60615936880849,BOGOTA D.C.,2022081,2022-08-01,2022-08,0.00021606159368808492
452,2022,9,18.989733756281257,BOGOTA D.C.,2022091,2022-09-01,2022-09,0.00018989733756281257
453,2022,10,12.567510537977604,BOGOTA D.C.,2022101,2022-10-01,2022-10,0.00012567510537977604
454,2022,11,21.760188371876023,BOGOTA D.C.,2022111,2022-11-01,2022-11,0.00021760188371876022
455,2022,12,18.707147613144414,BOGOTA D.C.,2022121,2022-12-01,2022-12,0.00018707147613144414
456,2022,1,17.992711463547906,HUILA,2022011,2022-01-01,2022-01,0.00017992711463547906
457,2022,2,14.793441928597357,HUILA,2022021,2022-02-01,2022-02,0.00014793441928597357
458,2022,3,10.779070090270936,HUILA,2022031,2022-03-01,2022-03,0.00010779070090270936
459,2022,4,29.432542112231392,HUILA,2022041,2022-04-01,2022-04,0.0002943254211223139
460,2022,5,13.985866040981753,HUILA,2022051,2022-05-01,2022-05,0.00013985866040981752
461,2022,6,11.536363769441063,HUILA,2022061,2022-06-01,2022-06,0.00011536363769441064
462,2022,7,18.611101716226344,HUILA,2022071,2022-07-01,2022-07,0.00018611101716226343
463,2022,8,24.815971741723484,HUILA,2022081,2022-08-01,2022-08,0.00024815971741723485
464,2022,9,26.45921800712337,HUILA,2022091,2022-09-01,2022-09,0.00026459218007123366
465,2022,10,14.164566851476524,HUILA,2022101,2022-10-01,2022-10,0.00014164566851476525
466,2022,11,22.92549761425162,HUILA,2022111,2022-11-01,2022-11,0.00022925497614251618
467,2022,12,11.308157502954026,HUILA,2022121,2022-12-01,2022-12,0.00011308157502954027
468,2022,1,21.17603483189829,NARIÑO,2022011,2022-01-01,2022-01,0.0002117603483189829
469,2022,2,12.482243147915115,NARIÑO,2022021,2022-02-01,2022-02,0.00012482243147915115
470,2022,3,22.568800315683216,NARIÑO,2022031,2022-03-01,2022-03,0.00022568800315683215
471,2022,4,28.62048758572381,NARIÑO,2022041,2022-04-01,2022-04,0.0002862048758572381
472,2022,5,35.90010103795122,NARIÑO,2022051,2022-05-01,2022-05,0.00035900101037951215
473,2022,6,34.16873466293012,NARIÑO,2022061,2022-06-01,2022-06,0.0003416873466293012
474,2022,7,38.2147355818286,NARIÑO,2022071,2022-07-01,2022-07,0.00038214735581828597
475,2022,8,12.802462557012191,NARIÑO,2022081,2022-08-01,2022-08,0.0001280246255701219
476,2022,9,13.794818744074329,NARIÑO,2022091,2022-09-01,2022-09,0.00013794818744074328
477,2022,10,19.01071500081441,NARIÑO,2022101,2022-10-01,2022-10,0.0001901071500081441
478,2022,11,13.61035557811226,NARIÑO,2022111,2022-11-01,2022-11,0.00013610355578112262
479,2022,12,15.026117866496843,NARIÑO,2022121,2022-12-01,2022-12,0.00015026117866496843
480,2022,1,9.39203267080258,SANTANDER,2022011,2022-01-01,2022-01,9.39203267080258e-05
481,2022,2,33.42577682576247,SANTANDER,2022021,2022-02-01,2022-02,0.0003342577682576247
482,2022,3,7.924080362005052,SANTANDER,2022031,2022-03-01,2022-03,7.924080362005052e-05
483,2022,4,11.918738839636678,SANTANDER,2022041,2022-04-01,2022-04,0.00011918738839636678
484,2022,5,12.967926792303224,SANTANDER,2022051,2022-05-01,2022-05,0.00012967926792303223
485,2022,6,21.42015290863294,SANTANDER,2022061,2022-06-01,2022-06,0.0002142015290863294
486,2022,7,23.138423861988123,SANTANDER,2022071,2022-07-01,2022-07,0.00023138423861988124
487,2022,8,15.812464634859715,SANTANDER,2022081,2022-08-01,2022-08,0.00015812464634859714
488,2022,9,10.322474550177969,SANTANDER,2022091,2022-09-01,2022-09,0.00010322474550177969
489,2022,10,17.315605080792245,SANTANDER,2022101,2022-10-01,2022-10,0.00017315605080792245
490,2022,11,8.167717986710453,SANTANDER,2022111,2022-11-01,2022-11,8.167717986710454e-05
491,2022,12,8.954935621542527,SANTANDER,2022121,2022-12-01,2022-12,8.954935621542527e-05
492,2022,1,43.541891445782994,TOLIMA,2022011,2022-01-01,2022-01,0.00043541891445782996
493,2022,2,41.473648197288256,TOLIMA,2022021,2022-02-01,2022-02,0.0004147364819728826
494,2022,3,33.58692256348943,TOLIMA,2022031,2022-03-01,2022-03,0.0003358692256348943
495,2022,4,41.68331056967829,TOLIMA,2022041,2022-04-01,2022-04,0.0004168331056967829
496,2022,5,33.715122911515465,TOLIMA,2022051,2022-05-01,2022-05,0.00033715122911515464
497,2022,6,29.711920314795663,TOLIMA,2022061,2022-06-01,2022-06,0.0002971192031479566
498,2022,7,45.15159703933245,TOLIMA,2022071,2022-07-01,2022-07,0.0004515159703933245
499,2022,8,63.66154359256032,TOLIMA,2022081,2022-08-01,2022-08,0.0006366154359256032
500,2022,9,31.952512112914555,TOLIMA,2022091,2022-09-01,2022-09,0.00031952512112914553
501,2022,10,28.340724225333904,TOLIMA,2022101,2022-10-01,2022-10,0.00028340724225333903
502,2022,11,25.598341179261528,TOLIMA,2022111,2022-11-01,2022-11,0.0002559834117926153
503,2022,12,23.39448454758906,TOLIMA,2022121,2022-12-01,2022-12,0.0002339448454758906
504,2022,1,25.539724405537548,VALLE DEL CAUCA,2022011,2022-01-01,2022-01,0.0002553972440553755
505,2022,2,29.54261228496799,VALLE DEL CAUCA,2022021,2022-02-01,2022-02,0.0002954261228496799
506,2022,3,46.4454235875934,VALLE DEL CAUCA,2022031,2022-03-01,2022-03,0.000464454235875934
507,2022,4,25.94911134018594,VALLE DEL CAUCA,2022041,2022-04-01,2022-04,0.0002594911134018594
508,2022,5,45.63740314454692,VALLE DEL CAUCA,2022051,2022-05-01,2022-05,0.0004563740314454692
509,2022,6,29.269866978152184,VALLE DEL CAUCA,2022061,2022-06-01,2022-06,0.00029269866978152184
510,2022,7,41.89025258571153,VALLE DEL CAUCA,2022071,2022-07-01,2022-07,0.0004189025258571153
511,2022,8,16.615929861176127,VALLE DEL CAUCA,2022081,2022-08-01,2022-08,0.00016615929861176127
512,2022,9,36.2722085938694,VALLE DEL CAUCA,2022091,2022-09-01,2022-09,0.000362722085938694
513,2022,10,24.88300935411211,VALLE DEL CAUCA,2022101,2022-10-01,2022-10,0.0002488300935411211
514,2022,11,25.77225619553699,VALLE DEL CAUCA,2022111,2022-11-01,2022-11,0.0002577225619553699
515,2022,12,10.422147838488138,VALLE DEL CAUCA,2022121,2022-12-01,2022-12,0.00010422147838488138
516,2022,1,21.14629827843626,ANTIOQUIA,2022011,2022-01-01,2022-01,0.0002114629827843626
517,2022,2,26.546105733808265,ANTIOQUIA,2022021,2022-02-01,2022-02,0.00026546105733808267
518,2022,3,25.127042823387413,ANTIOQUIA,2022031,2022-03-01,2022-03,0.00025127042823387414
519,2022,4,25.23467785949378,ANTIOQUIA,2022041,2022-04-01,2022-04,0.0002523467785949378
520,2022,5,18.712785925110136,ANTIOQUIA,2022051,2022-05-01,2022-05,0.00018712785925110135
521,2022,6,22.45994550040024,ANTIOQUIA,2022061,2022-06-01,2022-06,0.0002245994550040024
522,2022,7,21.76419515885939,ANTIOQUIA,2022071,2022-07-01,2022-07,0.0002176419515885939
523,2022,8,34.20812632029326,ANTIOQUIA,2022081,2022-08-01,2022-08,0.0003420812632029326
524,2022,9,23.433351283018958,ANTIOQUIA,2022091,2022-09-01,2022-09,0.00023433351283018956
525,2022,10,30.517836262821618,ANTIOQUIA,2022101,2022-10-01,2022-10,0.00030517836262821616
526,2022,11,16.24123960683297,ANTIOQUIA,2022111,2022-11-01,2022-11,0.0001624123960683297
527,2022,12,30.206539103333064,ANTIOQUIA,2022121,2022-12-01,2022-12,0.0003020653910333306
528,2022,1,29.012270835495197,NACIONAL,2022011,2022-01-01,2022-01,0.000290122708354952
529,2022,2,22.694118376778096,NACIONAL,2022021,2022-02-01,2022-02,0.00022694118376778098
530,2022,3,20.739477522627908,NACIONAL,2022031,2022-03-01,2022-03,0.00020739477522627907
531,2022,4,27.650326922797365,NACIONAL,2022041,2022-04-01,2022-04,0.0002765032692279737
532,2022,5,29.08660104144485,NACIONAL,2022051,2022-05-01,2022-05,0.0002908660104144485
533,2022,6,31.70847595491466,NACIONAL,2022061,2022-06-01,2022-06,0.0003170847595491466
534,2022,7,32.48594292695777,NACIONAL,2022071,2022-07-01,2022-07,0.00032485942926957766
535,2022,8,26.11952461380159,NACIONAL,2022081,2022-08-01,2022-08,0.00026119524613801593
536,2022,9,19.356796268987956,NACIONAL,2022091,2022-09-01,2022-09,0.00019356796268987957
537,2022,10,18.71174341647581,NACIONAL,2022101,2022-10-01,2022-10,0.0001871174341647581
538,2022,11,18.812323681310676,NACIONAL,2022111,2022-11-01,2022-11,0.00018812323681310678
539,2022,12,19.058838567787227,NACIONAL,2022121,2022-12-01,2022-12,0.00019058838567787226
540,2023,1,17.828604432173584,ATLANTICO,2023011,2023-01-01,2023-01,0.00017828604432173584
541,2023,2,17.841374527724586,ATLANTICO,2023021,2023-02-01,2023-02,0.00017841374527724586
542,2023,3,13.51196308387286,ATLANTICO,2023031,2023-03-01,2023-03,0.0001351196308387286
543,2023,4,15.981738259942384,ATLANTICO,2023041,2023-04-01,2023-04,0.00015981738259942383
544,2023,5,29.206630830436477,ATLANTICO,2023051,2023-05-01,2023-05,0.0002920663083043648
545,2023,6,38.21051909293274,ATLANTICO,2023061,2023-06-01,2023-06,0.0003821051909293274
546,2023,7,22.767728146263053,ATLANTICO,2023071,2023-07-01,2023-07,0.00022767728146263054
547,2023,8,29.42981641427809,ATLANTICO,2023081,2023-08-01,2023-08,0.0002942981641427809
548,2023,9,6.86442770480427,ATLANTICO,2023091,2023-09-01,2023-09,6.86442770480427e-05
549,2023,10,10.763386546602083,ATLANTICO,2023101,2023-10-01,2023-10,0.00010763386546602083
550,2023,11,6.7013932035163695,ATLANTICO,2023111,2023-11-01,2023-11,6.701393203516369e-05
551,2023,12,8.432148595944474,ATLANTICO,2023121,2023-12-01,2023-12,8.432148595944474e-05
552,2023,1,34.82033318305163,BOGOTA D.C.,2023011,2023-01-01,2023-01,0.0003482033318305163
553,2023,2,20.351321196907072,BOGOTA D.C.,2023021,2023-02-01,2023-02,0.00020351321196907072
554,2023,3,27.1511605160362,BOGOTA D.C.,2023031,2023-03-01,2023-03,0.000271511605160362
555,2023,4,16.89587675012774,BOGOTA D.C.,2023041,2023-04-01,2023-04,0.0001689587675012774
556,2023,5,23.06397085971664,BOGOTA D.C.,2023051,2023-05-01,2023-05,0.00023063970859716642
557,2023,6,40.79515775455881,BOGOTA D.C.,2023061,2023-06-01,2023-06,0.0004079515775455881
558,2023,7,25.88883570531428,BOGOTA D.C.,2023071,2023-07-01,2023-07,0.0002588883570531428
559,2023,8,24.93953687929394,BOGOTA D.C.,2023081,2023-08-01,2023-08,0.0002493953687929394
560,2023,9,21.880828932878917,BOGOTA D.C.,2023091,2023-09-01,2023-09,0.00021880828932878917
561,2023,10,12.968805593120962,BOGOTA D.C.,2023101,2023-10-01,2023-10,0.00012968805593120962
562,2023,11,27.224747058118894,BOGOTA D.C.,2023111,2023-11-01,2023-11,0.0002722474705811889
563,2023,12,20.710726552953314,BOGOTA D.C.,2023121,2023-12-01,2023-12,0.00020710726552953314
564,2023,1,19.25872106738611,HUILA,2023011,2023-01-01,2023-01,0.0001925872106738611
565,2023,2,15.039153056383032,HUILA,2023021,2023-02-01,2023-02,0.00015039153056383033
566,2023,3,9.853437866996448,HUILA,2023031,2023-03-01,2023-03,9.853437866996447e-05
567,2023,4,40.12751314287647,HUILA,2023041,2023-04-01,2023-04,0.00040127513142876466
568,2023,5,14.739712100604525,HUILA,2023051,2023-05-01,2023-05,0.00014739712100604526
569,2023,6,10.738213427953143,HUILA,2023061,2023-06-01,2023-06,0.00010738213427953143
570,2023,7,21.701498337156227,HUILA,2023071,2023-07-01,2023-07,0.0002170149833715623
571,2023,8,32.25238418478374,HUILA,2023081,2023-08-01,2023-08,0.00032252384184783744
572,2023,9,35.249472802181174,HUILA,2023091,2023-09-01,2023-09,0.00035249472802181174
573,2023,10,15.597014831576212,HUILA,2023101,2023-10-01,2023-10,0.0001559701483157621
574,2023,11,27.46717974143568,HUILA,2023111,2023-11-01,2023-11,0.0002746717974143568
575,2023,12,10.132438407334774,HUILA,2023121,2023-12-01,2023-12,0.00010132438407334775
576,2023,1,20.045044885770288,NARIÑO,2023011,2023-01-01,2023-01,0.00020045044885770287
577,2023,2,10.661221971876516,NARIÑO,2023021,2023-02-01,2023-02,0.00010661221971876517
578,2023,3,23.38924178838078,NARIÑO,2023031,2023-03-01,2023-03,0.0002338924178838078
579,2023,4,32.35345034341866,NARIÑO,2023041,2023-04-01,2023-04,0.0003235345034341866
580,2023,5,39.75084802809499,NARIÑO,2023051,2023-05-01,2023-05,0.0003975084802809499
581,2023,6,34.3393377563167,NARIÑO,2023061,2023-06-01,2023-06,0.00034339337756316703
582,2023,7,44.53166431919301,NARIÑO,2023071,2023-07-01,2023-07,0.0004453166431919301
583,2023,8,10.391618000601984,NARIÑO,2023081,2023-08-01,2023-08,0.00010391618000601984
584,2023,9,14.185416121239973,NARIÑO,2023091,2023-09-01,2023-09,0.00014185416121239973
585,2023,10,20.122700780388225,NARIÑO,2023101,2023-10-01,2023-10,0.00020122700780388225
586,2023,11,12.75067016508524,NARIÑO,2023111,2023-11-01,2023-11,0.0001275067016508524
587,2023,12,13.320019768660922,NARIÑO,2023121,2023-12-01,2023-12,0.00013320019768660923
588,2023,1,7.917455946765538,SANTANDER,2023011,2023-01-01,2023-01,7.917455946765539e-05
589,2023,2,34.525584098429896,SANTANDER,2023021,2023-02-01,2023-02,0.00034525584098429895
590,2023,3,5.563495664121693,SANTANDER,2023031,2023-03-01,2023-03,5.5634956641216936e-05
591,2023,4,9.732300532974604,SANTANDER,2023041,2023-04-01,2023-04,9.732300532974603e-05
592,2023,5,10.382839131090826,SANTANDER,2023051,2023-05-01,2023-05,0.00010382839131090826
593,2023,6,20.37537280650544,SANTANDER,2023061,2023-06-01,2023-06,0.00020375372806505438
594,2023,7,23.30661144987636,SANTANDER,2023071,2023-07-01,2023-07,0.00023306611449876361
595,2023,8,14.720972349213923,SANTANDER,2023081,2023-08-01,2023-08,0.00014720972349213922
596,2023,9,7.843008673522673,SANTANDER,2023091,2023-09-01,2023-09,7.843008673522673e-05
597,2023,10,16.605930850467757,SANTANDER,2023101,2023-10-01,2023-10,0.00016605930850467756
598,2023,11,6.314942285490574,SANTANDER,2023111,2023-11-01,2023-11,6.314942285490574e-05
599,2023,12,6.727866230345499,SANTANDER,2023121,2023-12-01,2023-12,6.727866230345499e-05
600,2023,1,51.45271014510652,TOLIMA,2023011,2023-01-01,2023-01,0.0005145271014510652
601,2023,2,48.97702484719302,TOLIMA,2023021,2023-02-01,2023-02,0.0004897702484719303
602,2023,3,41.66273852052621,TOLIMA,2023031,2023-03-01,2023-03,0.0004166273852052621
603,2023,4,52.889612183983765,TOLIMA,2023041,2023-04-01,2023-04,0.0005288961218398376
604,2023,5,40.671418603514695,TOLIMA,2023051,2023-05-01,2023-05,0.00040671418603514695
605,2023,6,33.63488549471463,TOLIMA,2023061,2023-06-01,2023-06,0.0003363488549471463
606,2023,7,54.050661977407785,TOLIMA,2023071,2023-07-01,2023-07,0.0005405066197740778
607,2023,8,89.6219409988667,TOLIMA,2023081,2023-08-01,2023-08,0.000896219409988667
608,2023,9,34.461298318537075,TOLIMA,2023091,2023-09-01,2023-09,0.00034461298318537074
609,2023,10,30.571636175511365,TOLIMA,2023101,2023-10-01,2023-10,0.00030571636175511364
610,2023,11,26.94099769327951,TOLIMA,2023111,2023-11-01,2023-11,0.0002694099769327951
611,2023,12,23.748563512877315,TOLIMA,2023121,2023-12-01,2023-12,0.00023748563512877315
612,2023,1,24.77758855261998,VALLE DEL CAUCA,2023011,2023-01-01,2023-01,0.00024777588552619983
613,2023,2,31.345432528556103,VALLE DEL CAUCA,2023021,2023-02-01,2023-02,0.00031345432528556103
614,2023,3,58.28728961581339,VALLE DEL CAUCA,2023031,2023-03-01,2023-03,0.0005828728961581339
615,2023,4,26.823594447514846,VALLE DEL CAUCA,2023041,2023-04-01,2023-04,0.00026823594447514845
616,2023,5,57.65132791162162,VALLE DEL CAUCA,2023051,2023-05-01,2023-05,0.0005765132791162162
617,2023,6,31.362163579943985,VALLE DEL CAUCA,2023061,2023-06-01,2023-06,0.00031362163579943983
618,2023,7,46.28751793831174,VALLE DEL CAUCA,2023071,2023-07-01,2023-07,0.00046287517938311737
619,2023,8,16.60832458402953,VALLE DEL CAUCA,2023081,2023-08-01,2023-08,0.00016608324584029528
620,2023,9,42.46783528908089,VALLE DEL CAUCA,2023091,2023-09-01,2023-09,0.00042467835289080886
621,2023,10,26.27004223805244,VALLE DEL CAUCA,2023101,2023-10-01,2023-10,0.0002627004223805244
622,2023,11,27.470848879691086,VALLE DEL CAUCA,2023111,2023-11-01,2023-11,0.00027470848879691085
623,2023,12,9.269315170689374,VALLE DEL CAUCA,2023121,2023-12-01,2023-12,9.269315170689374e-05
624,2023,1,25.665944733881823,ANTIOQUIA,2023011,2023-01-01,2023-01,0.00025665944733881823
625,2023,2,30.753840529485547,ANTIOQUIA,2023021,2023-02-01,2023-02,0.00030753840529485545
626,2023,3,26.904167330038927,ANTIOQUIA,2023031,2023-03-01,2023-03,0.00026904167330038927
627,2023,4,28.43209858849629,ANTIOQUIA,2023041,2023-04-01,2023-04,0.00028432098588496293
628,2023,5,20.09590557562968,ANTIOQUIA,2023051,2023-05-01,2023-05,0.00020095905575629678
629,2023,6,22.325341467870626,ANTIOQUIA,2023061,2023-06-01,2023-06,0.00022325341467870625
630,2023,7,22.57686347121863,ANTIOQUIA,2023071,2023-07-01,2023-07,0.0002257686347121863
631,2023,8,37.56975858134876,ANTIOQUIA,2023081,2023-08-01,2023-08,0.0003756975858134876
632,2023,9,27.27509612403609,ANTIOQUIA,2023091,2023-09-01,2023-09,0.0002727509612403609
633,2023,10,31.791882586431477,ANTIOQUIA,2023101,2023-10-01,2023-10,0.00031791882586431475
634,2023,11,14.531984018742213,ANTIOQUIA,2023111,2023-11-01,2023-11,0.00014531984018742214
635,2023,12,32.72467827323189,ANTIOQUIA,2023121,2023-12-01,2023-12,0.00032724678273231885
636,2023,1,33.05143759214209,NACIONAL,2023011,2023-01-01,2023-01,0.00033051437592142096
637,2023,2,25.110373092164856,NACIONAL,2023021,2023-02-01,2023-02,0.0002511037309216486
638,2023,3,21.934527912214016,NACIONAL,2023031,2023-03-01,2023-03,0.00021934527912214016
639,2023,4,32.1110773026978,NACIONAL,2023041,2023-04-01,2023-04,0.00032111077302697803
640,2023,5,33.68472612601809,NACIONAL,2023051,2023-05-01,2023-05,0.0003368472612601809
641,2023,6,37.02612680752399,NACIONAL,2023061,2023-06-01,2023-06,0.0003702612680752399
642,2023,7,38.43388070741295,NACIONAL,2023071,2023-07-01,2023-07,0.00038433880707412955
643,2023,8,29.360275743400067,NACIONAL,2023081,2023-08-01,2023-08,0.0002936027574340007
644,2023,9,20.586096787242923,NACIONAL,2023091,2023-09-01,2023-09,0.00020586096787242924
645,2023,10,19.58145344079154,NACIONAL,2023101,2023-10-01,2023-10,0.00019581453440791543
646,2023,11,19.808853252657432,NACIONAL,2023111,2023-11-01,2023-11,0.00019808853252657432
647,2023,12,19.15260828378028,NACIONAL,2023121,2023-12-01,2023-12,0.00019152608283780277
648,2024,1,18.707447570553107,ATLANTICO,2024011,2024-01-01,2024-01,0.00018707447570553108
649,2024,2,17.492595466423953,ATLANTICO,2024021,2024-02-01,2024-02,0.00017492595466423954
650,2024,3,12.65607093330913,ATLANTICO,2024031,2024-03-01,2024-03,0.0001265607093330913
651,2024,4,15.21026897415331,ATLANTICO,2024041,2024-04-01,2024-04,0.0001521026897415331
652,2024,5,33.64326926997557,ATLANTICO,2024051,2024-05-01,2024-05,0.0003364326926997557
653,2024,6,46.55256318594224,ATLANTICO,2024061,2024-06-01,2024-06,0.0004655256318594224
654,2024,7,24.61946283250994,ATLANTICO,2024071,2024-07-01,2024-07,0.0002461946283250994
655,2024,8,33.36346695721192,ATLANTICO,2024081,2024-08-01,2024-08,0.0003336346695721192
656,2024,9,6.121341728896028,ATLANTICO,2024091,2024-09-01,2024-09,6.121341728896029e-05
657,2024,10,9.748836162353024,ATLANTICO,2024101,2024-10-01,2024-10,9.748836162353025e-05
658,2024,11,5.428799161856104,ATLANTICO,2024111,2024-11-01,2024-11,5.4287991618561044e-05
659,2024,12,7.092497433604773,ATLANTICO,2024121,2024-12-01,2024-12,7.092497433604773e-05
660,2024,1,43.66074895982872,BOGOTA D.C.,2024011,2024-01-01,2024-01,0.00043660748959828725
661,2024,2,23.902365531047906,BOGOTA D.C.,2024021,2024-02-01,2024-02,0.00023902365531047905
662,2024,3,33.23947692346199,BOGOTA D.C.,2024031,2024-03-01,2024-03,0.0003323947692346199
663,2024,4,18.33063321897872,BOGOTA D.C.,2024041,2024-04-01,2024-04,0.00018330633218978718
664,2024,5,26.39988420525234,BOGOTA D.C.,2024051,2024-05-01,2024-05,0.0002639988420525234
665,2024,6,54.03312837101917,BOGOTA D.C.,2024061,2024-06-01,2024-06,0.0005403312837101916
666,2024,7,30.005753295141883,BOGOTA D.C.,2024071,2024-07-01,2024-07,0.00030005753295141884
667,2024,8,28.86097098777945,BOGOTA D.C.,2024081,2024-08-01,2024-08,0.0002886097098777945
668,2024,9,25.27670210743574,BOGOTA D.C.,2024091,2024-09-01,2024-09,0.00025276702107435736
669,2024,10,13.41721708496375,BOGOTA D.C.,2024101,2024-10-01,2024-10,0.0001341721708496375
670,2024,11,34.148906444853466,BOGOTA D.C.,2024111,2024-11-01,2024-11,0.00034148906444853467
671,2024,12,22.98766399692338,BOGOTA D.C.,2024121,2024-12-01,2024-12,0.0002298766399692338
672,2024,1,20.643596935613864,HUILA,2024011,2024-01-01,2024-01,0.00020643596935613864
673,2024,2,15.311037756946426,HUILA,2024021,2024-02-01,2024-02,0.00015311037756946425
674,2024,3,9.020308046085626,HUILA,2024031,2024-03-01,2024-03,9.020308046085626e-05
675,2024,4,54.78779441286279,HUILA,2024041,2024-04-01,2024-04,0.0005478779441286279
676,2024,5,15.556637708963493,HUILA,2024051,2024-05-01,2024-05,0.00015556637708963493
677,2024,6,10.009726733586334,HUILA,2024061,2024-06-01,2024-06,0.00010009726733586334
678,2024,7,25.341624839150093,HUILA,2024071,2024-07-01,2024-07,0.0002534162483915009
679,2024,8,41.97777960592226,HUILA,2024081,2024-08-01,2024-08,0.0004197777960592226
680,2024,9,47.027874174073226,HUILA,2024091,2024-09-01,2024-09,0.0004702787417407323
681,2024,10,17.19914159875164,HUILA,2024101,2024-10-01,2024-10,0.0001719914159875164
682,2024,11,32.95614978467594,HUILA,2024111,2024-11-01,2024-11,0.00032956149784675934
683,2024,12,9.092078909287324,HUILA,2024121,2024-12-01,2024-12,9.092078909287324e-05
684,2024,1,19.024967156965,NARIÑO,2024011,2024-01-01,2024-01,0.00019024967156965002
685,2024,2,9.13010611943881,NARIÑO,2024021,2024-02-01,2024-02,9.130106119438811e-05
686,2024,3,24.30403070181976,NARIÑO,2024031,2024-03-01,2024-03,0.0002430403070181976
687,2024,4,36.67065521865215,NARIÑO,2024041,2024-04-01,2024-04,0.0003667065521865215
688,2024,5,44.13179759178666,NARIÑO,2024051,2024-05-01,2024-05,0.0004413179759178666
689,2024,6,34.6026553212407,NARIÑO,2024061,2024-06-01,2024-06,0.00034602655321240697
690,2024,7,52.03091779353866,NARIÑO,2024071,2024-07-01,2024-07,0.0005203091779353866
691,2024,8,8.457214095678104,NARIÑO,2024081,2024-08-01,2024-08,8.457214095678104e-05
692,2024,9,14.62590182521797,NARIÑO,2024091,2024-09-01,2024-09,0.0001462590182521797
693,2024,10,21.35642622680629,NARIÑO,2024101,2024-10-01,2024-10,0.0002135642622680629
694,2024,11,11.977082574594176,NARIÑO,2024111,2024-11-01,2024-11,0.00011977082574594176
695,2024,12,11.83906594964899,NARIÑO,2024121,2024-12-01,2024-12,0.0001183906594964899
696,2024,1,6.532863873438874,SANTANDER,2024011,2024-01-01,2024-01,6.532863873438874e-05
697,2024,2,34.90538658679314,SANTANDER,2024021,2024-02-01,2024-02,0.00034905386586793144
698,2024,3,3.823301337767055,SANTANDER,2024031,2024-03-01,2024-03,3.823301337767055e-05
699,2024,4,7.778441886556322,SANTANDER,2024041,2024-04-01,2024-04,7.778441886556322e-05
700,2024,5,8.136799086286464,SANTANDER,2024051,2024-05-01,2024-05,8.136799086286464e-05
701,2024,6,18.970573180839093,SANTANDER,2024061,2024-06-01,2024-06,0.00018970573180839093
702,2024,7,22.9782204543828,SANTANDER,2024071,2024-07-01,2024-07,0.000229782204543828
703,2024,8,13.414216732355118,SANTANDER,2024081,2024-08-01,2024-08,0.0001341421673235512
704,2024,9,5.832751338358,SANTANDER,2024091,2024-09-01,2024-09,5.8327513383580004e-05
705,2024,10,15.587650879326755,SANTANDER,2024101,2024-10-01,2024-10,0.00015587650879326755
706,2024,11,4.778921861545617,SANTANDER,2024111,2024-11-01,2024-11,4.778921861545617e-05
707,2024,12,4.947480827436935,SANTANDER,2024121,2024-12-01,2024-12,4.9474808274369345e-05
708,2024,1,61.08200399025182,TOLIMA,2024011,2024-01-01,2024-01,0.0006108200399025182
709,2024,2,58.10541644167296,TOLIMA,2024021,2024-02-01,2024-02,0.0005810541644167296
710,2024,3,51.91937677019211,TOLIMA,2024031,2024-03-01,2024-03,0.0005191937677019211
711,2024,4,67.41904842981711,TOLIMA,2024041,2024-04-01,2024-04,0.0006741904842981711
712,2024,5,49.289901660609424,TOLIMA,2024051,2024-05-01,2024-05,0.0004928990166060942
713,2024,6,38.251920365595815,TOLIMA,2024061,2024-06-01,2024-06,0.00038251920365595815
714,2024,7,65.00293644928394,TOLIMA,2024071,2024-07-01,2024-07,0.0006500293644928393
715,2024,8,126.75222271462992,TOLIMA,2024081,2024-08-01,2024-08,0.0012675222271462993
716,2024,9,37.338968827176544,TOLIMA,2024091,2024-09-01,2024-09,0.00037338968827176544
717,2024,10,33.13068982095914,TOLIMA,2024101,2024-10-01,2024-10,0.0003313068982095914
718,2024,11,28.485220385063105,TOLIMA,2024111,2024-11-01,2024-11,0.000284852203850631
719,2024,12,24.21950527388344,TOLIMA,2024121,2024-12-01,2024-12,0.00024219505273883439
720,2024,1,24.182821245211517,VALLE DEL CAUCA,2024011,2024-01-01,2024-01,0.00024182821245211518
721,2024,2,33.45836675485849,VALLE DEL CAUCA,2024021,2024-02-01,2024-02,0.0003345836675485849
722,2024,3,73.58849010344612,VALLE DEL CAUCA,2024031,2024-03-01,2024-03,0.0007358849010344611
723,2024,4,27.89437001108502,VALLE DEL CAUCA,2024041,2024-04-01,2024-04,0.0002789437001108502
724,2024,5,73.26605442180195,VALLE DEL CAUCA,2024051,2024-05-01,2024-05,0.0007326605442180195
725,2024,6,33.806201912725534,VALLE DEL CAUCA,2024061,2024-06-01,2024-06,0.00033806201912725537
726,2024,7,51.45409050081152,VALLE DEL CAUCA,2024071,2024-07-01,2024-07,0.0005145409050081152
727,2024,8,16.700600827641438,VALLE DEL CAUCA,2024081,2024-08-01,2024-08,0.00016700600827641436
728,2024,9,50.0208821579668,VALLE DEL CAUCA,2024091,2024-09-01,2024-09,0.000500208821579668
729,2024,10,27.901254958324454,VALLE DEL CAUCA,2024101,2024-10-01,2024-10,0.00027901254958324456
730,2024,11,29.457563196185426,VALLE DEL CAUCA,2024111,2024-11-01,2024-11,0.00029457563196185426
731,2024,12,8.29360155868972,VALLE DEL CAUCA,2024121,2024-12-01,2024-12,8.293601558689719e-05
732,2024,1,31.344953346723493,ANTIOQUIA,2024011,2024-01-01,2024-01,0.00031344953346723495
733,2024,2,35.84968700596776,ANTIOQUIA,2024021,2024-02-01,2024-02,0.0003584968700596776
734,2024,3,28.98579410592388,ANTIOQUIA,2024031,2024-03-01,2024-03,0.0002898579410592388
735,2024,4,32.23350556023906,ANTIOQUIA,2024041,2024-04-01,2024-04,0.0003223350556023906
736,2024,5,21.71521760384172,ANTIOQUIA,2024051,2024-05-01,2024-05,0.00021715217603841718
737,2024,6,22.32929412461579,ANTIOQUIA,2024061,2024-06-01,2024-06,0.00022329294124615788
738,2024,7,23.565251216261608,ANTIOQUIA,2024071,2024-07-01,2024-07,0.00023565251216261607
739,2024,8,41.51786319491595,ANTIOQUIA,2024081,2024-08-01,2024-08,0.0004151786319491595
740,2024,9,31.94373164537153,ANTIOQUIA,2024091,2024-09-01,2024-09,0.0003194373164537153
741,2024,10,33.32469821472433,ANTIOQUIA,2024101,2024-10-01,2024-10,0.0003332469821472433
742,2024,11,13.083324757908352,ANTIOQUIA,2024111,2024-11-01,2024-11,0.00013083324757908352
743,2024,12,35.67280617229992,ANTIOQUIA,2024121,2024-12-01,2024-12,0.0003567280617229992
744,2024,1,37.68504303534225,NACIONAL,2024011,2024-01-01,2024-01,0.00037685043035342247
745,2024,2,27.80757040909305,NACIONAL,2024021,2024-02-01,2024-02,0.0002780757040909305
746,2024,3,23.218213611900765,NACIONAL,2024031,2024-03-01,2024-03,0.00023218213611900766
747,2024,4,37.32325499382814,NACIONAL,2024041,2024-04-01,2024-04,0.00037323254993828136
748,2024,5,39.04299252402932,NACIONAL,2024051,2024-05-01,2024-05,0.0003904299252402932
749,2024,6,43.27242463481593,NACIONAL,2024061,2024-06-01,2024-06,0.00043272424634815926
750,2024,7,45.50960111607635,NACIONAL,2024071,2024-07-01,2024-07,0.00045509601116076344
751,2024,8,33.03125099478589,NACIONAL,2024081,2024-08-01,2024-08,0.00033031250994785893
752,2024,9,21.912128790031137,NACIONAL,2024091,2024-09-01,2024-09,0.00021912128790031136
753,2024,10,20.509053849876327,NACIONAL,2024101,2024-10-01,2024-10,0.00020509053849876327
754,2024,11,20.87595044008428,NACIONAL,2024111,2024-11-01,2024-11,0.00020875950440084283
755,2024,12,19.263245149906293,NACIONAL,2024121,2024-12-01,2024-12,0.00019263245149906294
756,2025,1,19.777558263954383,ATLANTICO,2025011,2025-01-01,2025-01,0.00019777558263954384
757,2025,2,17.279896777529668,ATLANTICO,2025021,2025-02-01,2025-02,0.0001727989677752967
758,2025,3,11.943738847081503,ATLANTICO,2025031,2025-03-01,2025-03,0.00011943738847081503
759,2025,4,14.58514404950516,ATLANTICO,2025041,2025-04-01,2025-04,0.0001458514404950516
760,2025,5,39.0459388912553,ATLANTICO,2025051,2025-05-01,2025-05,0.00039045938891255294
761,2025,6,57.14328554659805,ATLANTICO,2025061,2025-06-01,2025-06,0.0005714328554659805
762,2025,7,26.82244707625888,ATLANTICO,2025071,2025-07-01,2025-07,0.0002682244707625888
763,2025,8,38.10796373930954,ATLANTICO,2025081,2025-08-01,2025-08,0.0003810796373930954
764,2025,9,5.499837564644937,ATLANTICO,2025091,2025-09-01,2025-09,5.4998375646449376e-05
765,2025,10,8.89646663830008,ATLANTICO,2025101,2025-10-01,2025-10,8.896466638300079e-05
766,2025,11,4.4310168141815724,ATLANTICO,2025111,2025-11-01,2025-11,4.4310168141815725e-05
767,2025,12,6.010644906541076,ATLANTICO,2025121,2025-12-01,2025-12,6.010644906541076e-05
768,2025,1,54.8720440317012,BOGOTA D.C.,2025011,2025-01-01,2025-01,0.000548720440317012
769,2025,2,28.13784653636926,BOGOTA D.C.,2025021,2025-02-01,2025-02,0.0002813784653636926
770,2025,3,40.78699056690437,BOGOTA D.C.,2025031,2025-03-01,2025-03,0.0004078699056690437
771,2025,4,19.933148418809942,BOGOTA D.C.,2025041,2025-04-01,2025-04,0.0001993314841880994
772,2025,5,30.28807425345505,BOGOTA D.C.,2025051,2025-05-01,2025-05,0.0003028807425345505
773,2025,6,71.73206058651917,BOGOTA D.C.,2025061,2025-06-01,2025-06,0.0007173206058651917
774,2025,7,34.85766140863434,BOGOTA D.C.,2025071,2025-07-01,2025-07,0.0003485766140863434
775,2025,8,33.476125709144114,BOGOTA D.C.,2025081,2025-08-01,2025-08,0.0003347612570914411
776,2025,9,29.26703639660472,BOGOTA D.C.,2025091,2025-09-01,2025-09,0.0002926703639660472
777,2025,10,13.913186639036589,BOGOTA D.C.,2025101,2025-10-01,2025-10,0.00013913186639036588
778,2025,11,42.93302072698914,BOGOTA D.C.,2025111,2025-11-01,2025-11,0.0004293302072698914
779,2025,12,25.573845935717326,BOGOTA D.C.,2025121,2025-12-01,2025-12,0.00025573845935717327
780,2025,1,22.167112194985528,HUILA,2025011,2025-01-01,2025-01,0.00022167112194985527
781,2025,2,15.615349045919531,HUILA,2025021,2025-02-01,2025-02,0.0001561534904591953
782,2025,3,8.272195246993268,HUILA,2025031,2025-03-01,2025-03,8.272195246993269e-05
783,2025,4,74.93612124287021,HUILA,2025041,2025-04-01,2025-04,0.0007493612124287022
784,2025,5,16.44781813549705,HUILA,2025051,2025-05-01,2025-05,0.0001644781813549705
785,2025,6,9.34712890120383,HUILA,2025061,2025-06-01,2025-06,9.34712890120383e-05
786,2025,7,29.644560452913776,HUILA,2025071,2025-07-01,2025-07,0.00029644560452913774
787,2025,8,54.73220215899895,HUILA,2025081,2025-08-01,2025-08,0.0005473220215899895
788,2025,9,62.85269292652296,HUILA,2025091,2025-09-01,2025-09,0.0006285269292652297
789,2025,10,18.999312215719723,HUILA,2025101,2025-10-01,2025-10,0.00018999312215719724
790,2025,11,39.61181000189805,HUILA,2025111,2025-11-01,2025-11,0.0003961181000189805
791,2025,12,8.172938685046843,HUILA,2025121,2025-12-01,2025-12,8.172938685046842e-05
792,2025,1,18.06387768879244,NARIÑO,2025011,2025-01-01,2025-01,0.0001806387768879244
793,2025,2,7.821946671716897,NARIÑO,2025021,2025-02-01,2025-02,7.821946671716897e-05
794,2025,3,25.26449678413521,NARIÑO,2025031,2025-03-01,2025-03,0.0002526449678413521
795,2025,4,41.58023335983967,NARIÑO,2025041,2025-04-01,2025-04,0.0004158023335983967
796,2025,5,49.01477605852327,NARIÑO,2025051,2025-05-01,2025-05,0.0004901477605852326
797,2025,6,34.88165832033969,NARIÑO,2025061,2025-06-01,2025-06,0.0003488165832033969
798,2025,7,60.81689342004,NARIÑO,2025071,2025-07-01,2025-07,0.0006081689342004001
799,2025,8,6.885597971165579,NARIÑO,2025081,2025-08-01,2025-08,6.885597971165579e-05
800,2025,9,15.08597603224201,NARIÑO,2025091,2025-09-01,2025-09,0.0001508597603224201
801,2025,10,22.674675256592764,NARIÑO,2025101,2025-10-01,2025-10,0.00022674675256592763
802,2025,11,11.25483834621966,NARIÑO,2025111,2025-11-01,2025-11,0.0001125483834621966
803,2025,12,10.526892691028372,NARIÑO,2025121,2025-12-01,2025-12,0.00010526892691028373
804,2025,1,5.38802479994936,SANTANDER,2025011,2025-01-01,2025-01,5.38802479994936e-05
805,2025,2,35.27377123332336,SANTANDER,2025021,2025-02-01,2025-02,0.00035273771233323357
806,2025,3,2.626257632934571,SANTANDER,2025031,2025-03-01,2025-03,2.6262576329345708e-05
807,2025,4,6.214092810582353,SANTANDER,2025041,2025-04-01,2025-04,6.214092810582353e-05
808,2025,5,6.373809568986295,SANTANDER,2025051,2025-05-01,2025-05,6.373809568986295e-05
809,2025,6,17.65482293184796,SANTANDER,2025061,2025-06-01,2025-06,0.0001765482293184796
810,2025,7,22.644444513615444,SANTANDER,2025071,2025-07-01,2025-07,0.00022644444513615443
811,2025,8,12.218057507055825,SANTANDER,2025081,2025-08-01,2025-08,0.00012218057507055826
812,2025,9,4.335830067438627,SANTANDER,2025091,2025-09-01,2025-09,4.335830067438627e-05
813,2025,10,14.62534566717286,SANTANDER,2025101,2025-10-01,2025-10,0.00014625345667172861
814,2025,11,3.614918392449903,SANTANDER,2025111,2025-11-01,2025-11,3.614918392449903e-05
815,2025,12,3.636628316093218,SANTANDER,2025121,2025-12-01,2025-12,3.636628316093218e-05
816,2025,1,72.79869012568714,TOLIMA,2025011,2025-01-01,2025-01,0.0007279869012568715
817,2025,2,69.20637510886249,TOLIMA,2025021,2025-02-01,2025-02,0.0006920637510886249
818,2025,3,64.95556943131565,TOLIMA,2025031,2025-03-01,2025-03,0.0006495556943131566
819,2025,4,86.27801019231133,TOLIMA,2025041,2025-04-01,2025-04,0.0008627801019231132
820,2025,5,59.96969620325255,TOLIMA,2025051,2025-05-01,2025-05,0.0005996969620325255
821,2025,6,43.67388221651103,TOLIMA,2025061,2025-06-01,2025-06,0.00043673882216511034
822,2025,7,78.48202509068088,TOLIMA,2025071,2025-07-01,2025-07,0.0007848202509068088
823,2025,8,179.97081703077615,TOLIMA,2025081,2025-08-01,2025-08,0.0017997081703077615
824,2025,9,40.61610479322237,TOLIMA,2025091,2025-09-01,2025-09,0.0004061610479322237
825,2025,10,36.04520838361076,TOLIMA,2025101,2025-10-01,2025-10,0.00036045208383610764
826,2025,11,30.236447140743888,TOLIMA,2025111,2025-11-01,2025-11,0.00030236447140743886
827,2025,12,24.79696082947818,TOLIMA,2025121,2025-12-01,2025-12,0.0002479696082947818
828,2025,1,23.41719550829489,VALLE DEL CAUCA,2025011,2025-01-01,2025-01,0.00023417195508294888
829,2025,2,35.433593231579266,VALLE DEL CAUCA,2025021,2025-02-01,2025-02,0.00035433593231579266
830,2025,3,92.17770918842275,VALLE DEL CAUCA,2025031,2025-03-01,2025-03,0.0009217770918842276
831,2025,4,28.78035376895828,VALLE DEL CAUCA,2025041,2025-04-01,2025-04,0.0002878035376895828
832,2025,5,92.37964326396768,VALLE DEL CAUCA,2025051,2025-05-01,2025-05,0.0009237964326396767
833,2025,6,36.15486413214366,VALLE DEL CAUCA,2025061,2025-06-01,2025-06,0.00036154864132143655
834,2025,7,56.74869856595302,VALLE DEL CAUCA,2025071,2025-07-01,2025-07,0.0005674869856595302
835,2025,8,16.661663345688467,VALLE DEL CAUCA,2025081,2025-08-01,2025-08,0.00016661663345688468
836,2025,9,58.45511999478466,VALLE DEL CAUCA,2025091,2025-09-01,2025-09,0.0005845511999478466
837,2025,10,29.40131071123694,VALLE DEL CAUCA,2025101,2025-10-01,2025-10,0.0002940131071123694
838,2025,11,31.34018413422373,VALLE DEL CAUCA,2025111,2025-11-01,2025-11,0.0003134018413422373
839,2025,12,7.362387517162804,VALLE DEL CAUCA,2025121,2025-12-01,2025-12,7.362387517162803e-05
840,2025,1,37.918515431805126,ANTIOQUIA,2025011,2025-01-01,2025-01,0.00037918515431805127
841,2025,2,41.39469656975787,ANTIOQUIA,2025021,2025-02-01,2025-02,0.0004139469656975787
842,2025,3,30.93315198719616,ANTIOQUIA,2025031,2025-03-01,2025-03,0.0003093315198719616
843,2025,4,36.19757596710848,ANTIOQUIA,2025041,2025-04-01,2025-04,0.0003619757596710848
844,2025,5,23.24310343381063,ANTIOQUIA,2025051,2025-05-01,2025-05,0.00023243103433810632
845,2025,6,22.12204153572196,ANTIOQUIA,2025061,2025-06-01,2025-06,0.0002212204153572196
846,2025,7,24.36429594096066,ANTIOQUIA,2025071,2025-07-01,2025-07,0.00024364295940960658
847,2025,8,45.44696727834317,ANTIOQUIA,2025081,2025-08-01,2025-08,0.0004544696727834317
848,2025,9,37.05768902989195,ANTIOQUIA,2025091,2025-09-01,2025-09,0.00037057689029891945
849,2025,10,34.601070027818714,ANTIOQUIA,2025101,2025-10-01,2025-10,0.00034601070027818717
850,2025,11,11.667683953826268,ANTIOQUIA,2025111,2025-11-01,2025-11,0.00011667683953826269
851,2025,12,38.5187768289397,ANTIOQUIA,2025121,2025-12-01,2025-12,0.000385187768289397
852,2025,1,43.0560649570061,NACIONAL,2025011,2025-01-01,2025-01,0.000430560649570061
853,2025,2,30.857418040852963,NACIONAL,2025021,2025-02-01,2025-02,0.00030857418040852963
854,2025,3,24.62725299309265,NACIONAL,2025031,2025-03-01,2025-03,0.0002462725299309265
855,2025,4,43.470116732393386,NACIONAL,2025041,2025-04-01,2025-04,0.00043470116732393385
856,2025,5,45.34608869500914,NACIONAL,2025051,2025-05-01,2025-05,0.00045346088695009143
857,2025,6,50.67582583588244,NACIONAL,2025061,2025-06-01,2025-06,0.0005067582583588244
858,2025,7,53.99809999939682,NACIONAL,2025071,2025-07-01,2025-07,0.0005399809999939682
859,2025,8,37.237161876778416,NACIONAL,2025081,2025-08-01,2025-08,0.00037237161876778417
860,2025,9,23.37124198010776,NACIONAL,2025091,2025-09-01,2025-09,0.00023371241980107762
861,2025,10,21.52449569924346,NACIONAL,2025101,2025-10-01,2025-10,0.00021524495699243459
862,2025,11,22.045494164748625,NACIONAL,2025111,2025-11-01,2025-11,0.00022045494164748625
863,2025,12,19.41411668296148,NACIONAL,2025121,2025-12-01,2025-12,0.00019414116682961482
864,2026,1,20.841724933364155,ATLANTICO,2026011,2026-01-01,2026-01,0.00020841724933364156
865,2026,2,17.01495819289625,ATLANTICO,2026021,2026-02-01,2026-02,0.00017014958192896248
866,2026,3,11.235296781653592,ATLANTICO,2026031,2026-03-01,2026-03,0.00011235296781653592
867,2026,4,13.940790567557665,ATLANTICO,2026041,2026-04-01,2026-04,0.00013940790567557664
868,2026,5,45.1706562690819,ATLANTICO,2026051,2026-05-01,2026-05,0.00045170656269081903
869,2026,6,69.91810798672908,ATLANTICO,2026061,2026-06-01,2026-06,0.0006991810798672908
870,2026,7,29.12869797850713,ATLANTICO,2026071,2026-07-01,2026-07,0.0002912869797850713
871,2026,8,43.38735387887085,ATLANTICO,2026081,2026-08-01,2026-08,0.00043387353878870846
872,2026,9,4.925563840003023,ATLANTICO,2026091,2026-09-01,2026-09,4.925563840003023e-05
873,2026,10,8.09254622132435,ATLANTICO,2026101,2026-10-01,2026-10,8.09254622132435e-05
874,2026,11,3.605005006470773,ATLANTICO,2026111,2026-11-01,2026-11,3.605005006470773e-05
875,2026,12,5.0774517782347015,ATLANTICO,2026121,2026-12-01,2026-12,5.077451778234701e-05
876,2026,1,69.08074980443263,BOGOTA D.C.,2026011,2026-01-01,2026-01,0.0006908074980443263
877,2026,2,33.18079421882383,BOGOTA D.C.,2026021,2026-02-01,2026-02,0.0003318079421882383
878,2026,3,50.134315700430726,BOGOTA D.C.,2026031,2026-03-01,2026-03,0.0005013431570043072
879,2026,4,21.713022415656543,BOGOTA D.C.,2026041,2026-04-01,2026-04,0.00021713022415656544
880,2026,5,34.80865544506701,BOGOTA D.C.,2026051,2026-05-01,2026-05,0.0003480865544506701
881,2026,6,95.39210841723155,BOGOTA D.C.,2026061,2026-06-01,2026-06,0.0009539210841723155
882,2026,7,40.56373224235654,BOGOTA D.C.,2026071,2026-07-01,2026-07,0.00040563732242356536
883,2026,8,38.89604010366418,BOGOTA D.C.,2026081,2026-08-01,2026-08,0.00038896040103664176
884,2026,9,33.94556429239099,BOGOTA D.C.,2026091,2026-09-01,2026-09,0.0003394556429239099
885,2026,10,14.452291843873963,BOGOTA D.C.,2026101,2026-10-01,2026-10,0.00014452291843873962
886,2026,11,54.06946082688194,BOGOTA D.C.,2026111,2026-11-01,2026-11,0.0005406946082688194
887,2026,12,28.49989079690639,BOGOTA D.C.,2026121,2026-12-01,2026-12,0.0002849989079690639
888,2026,1,23.83107691199069,HUILA,2026011,2026-01-01,2026-01,0.00023831076911990688
889,2026,2,15.944450834077196,HUILA,2026021,2026-02-01,2026-02,0.00015944450834077197
890,2026,3,7.595056067808766,HUILA,2026031,2026-03-01,2026-03,7.595056067808766e-05
891,2026,4,102.61465817444856,HUILA,2026041,2026-04-01,2026-04,0.0010261465817444856
892,2026,5,17.410516429663694,HUILA,2026051,2026-05-01,2026-05,0.00017410516429663695
893,2026,6,8.738664033159457,HUILA,2026061,2026-06-01,2026-06,8.738664033159457e-05
894,2026,7,34.71893332696833,HUILA,2026071,2026-07-01,2026-07,0.0003471893332696833
895,2026,8,71.44587874453725,HUILA,2026081,2026-08-01,2026-08,0.0007144587874453725
896,2026,9,84.10140137339663,HUILA,2026091,2026-09-01,2026-09,0.0008410140137339663
897,2026,10,21.012599723154743,HUILA,2026101,2026-10-01,2026-10,0.00021012599723154742
898,2026,11,47.66764616865044,HUILA,2026111,2026-11-01,2026-11,0.00047667646168650444
899,2026,12,7.355362575297437,HUILA,2026121,2026-12-01,2026-12,7.355362575297437e-05
900,2026,1,17.170394453623565,NARIÑO,2026011,2026-01-01,2026-01,0.00017170394453623565
901,2026,2,6.708664850885688,NARIÑO,2026021,2026-02-01,2026-02,6.708664850885687e-05
902,2026,3,26.292096631071978,NARIÑO,2026031,2026-03-01,2026-03,0.0002629209663107198
903,2026,4,47.19949966736259,NARIÑO,2026041,2026-04-01,2026-04,0.0004719949966736259
904,2026,5,54.49851240598925,NARIÑO,2026051,2026-05-01,2026-05,0.0005449851240598926
905,2026,6,35.20197585270596,NARIÑO,2026061,2026-06-01,2026-06,0.00035201975852705954
906,2026,7,71.16544967268598,NARIÑO,2026071,2026-07-01,2026-07,0.0007116544967268598
907,2026,8,5.612265642518054,NARIÑO,2026081,2026-08-01,2026-08,5.612265642518054e-05
908,2026,9,15.577809655418692,NARIÑO,2026091,2026-09-01,2026-09,0.00015577809655418693
909,2026,10,24.10104047019424,NARIÑO,2026101,2026-10-01,2026-10,0.0002410104047019424
910,2026,11,10.587896797252297,NARIÑO,2026111,2026-11-01,2026-11,0.00010587896797252297
911,2026,12,9.3705519333087,NARIÑO,2026121,2026-12-01,2026-12,9.3705519333087e-05
912,2026,1,4.402260313836556,SANTANDER,2026011,2026-01-01,2026-01,4.402260313836556e-05
913,2026,2,35.31274611634583,SANTANDER,2026021,2026-02-01,2026-02,0.0003531274611634583
914,2026,3,1.7871305664303063,SANTANDER,2026031,2026-03-01,2026-03,1.7871305664303065e-05
915,2026,4,4.917937619414561,SANTANDER,2026041,2026-04-01,2026-04,4.917937619414561e-05
916,2026,5,4.946120943151539,SANTANDER,2026051,2026-05-01,2026-05,4.946120943151539e-05
917,2026,6,16.27670287968007,SANTANDER,2026061,2026-06-01,2026-06,0.0001627670287968007
918,2026,7,22.10686238255172,SANTANDER,2026071,2026-07-01,2026-07,0.00022106862382551722
919,2026,8,11.024506738925853,SANTANDER,2026081,2026-08-01,2026-08,0.00011024506738925852
920,2026,9,3.1929432513317573,SANTANDER,2026091,2026-09-01,2026-09,3.192943251331757e-05
921,2026,10,13.594140833262,SANTANDER,2026101,2026-10-01,2026-10,0.00013594140833262
922,2026,11,2.708864125419129,SANTANDER,2026111,2026-11-01,2026-11,2.708864125419129e-05
923,2026,12,2.648096872818301,SANTANDER,2026121,2026-12-01,2026-12,2.648096872818301e-05
924,2026,1,87.04621550209444,TOLIMA,2026011,2026-01-01,2026-01,0.0008704621550209444
925,2026,2,82.69735658365872,TOLIMA,2026021,2026-02-01,2026-02,0.0008269735658365872
926,2026,3,81.53035982658317,TOLIMA,2026031,2026-03-01,2026-03,0.0008153035982658317
927,2026,4,110.77293519488396,TOLIMA,2026041,2026-04-01,2026-04,0.0011077293519488397
928,2026,5,73.20180447437079,TOLIMA,2026051,2026-05-01,2026-05,0.0007320180447437078
929,2026,6,50.02722289440006,TOLIMA,2026061,2026-06-01,2026-06,0.0005002722289440006
930,2026,7,95.06561595880144,TOLIMA,2026071,2026-07-01,2026-07,0.0009506561595880145
931,2026,8,256.3684830808076,TOLIMA,2026081,2026-08-01,2026-08,0.002563684830808076
932,2026,9,44.32515497787772,TOLIMA,2026091,2026-09-01,2026-09,0.0004432515497787772
933,2026,10,39.34419316859962,TOLIMA,2026101,2026-10-01,2026-10,0.00039344193168599616
934,2026,11,32.200155972605124,TOLIMA,2026111,2026-11-01,2026-11,0.00032200155972605124
935,2026,12,25.47109908486534,TOLIMA,2026121,2026-12-01,2026-12,0.0002547109908486534
936,2026,1,22.663141032655112,VALLE DEL CAUCA,2026011,2026-01-01,2026-01,0.00022663141032655112
937,2026,2,37.504463437072594,VALLE DEL CAUCA,2026021,2026-02-01,2026-02,0.0003750446343707259
938,2026,3,115.39825265138424,VALLE DEL CAUCA,2026031,2026-03-01,2026-03,0.0011539825265138423
939,2026,4,29.677888712693942,VALLE DEL CAUCA,2026041,2026-04-01,2026-04,0.00029677888712693944
940,2026,5,116.41449560752572,VALLE DEL CAUCA,2026051,2026-05-01,2026-05,0.0011641449560752571
941,2026,6,38.645095955583685,VALLE DEL CAUCA,2026061,2026-06-01,2026-06,0.00038645095955583685
942,2026,7,62.55315363972537,VALLE DEL CAUCA,2026071,2026-07-01,2026-07,0.0006255315363972537
943,2026,8,16.613529919201728,VALLE DEL CAUCA,2026081,2026-08-01,2026-08,0.00016613529919201728
944,2026,9,68.27332742432506,VALLE DEL CAUCA,2026091,2026-09-01,2026-09,0.0006827332742432507
945,2026,10,30.96470516232464,VALLE DEL CAUCA,2026101,2026-10-01,2026-10,0.0003096470516232464
946,2026,11,33.324494694829575,VALLE DEL CAUCA,2026111,2026-11-01,2026-11,0.0003332449469482958
947,2026,12,6.532079798073101,VALLE DEL CAUCA,2026121,2026-12-01,2026-12,6.532079798073102e-05
948,2026,1,45.88630515886168,ANTIOQUIA,2026011,2026-01-01,2026-01,0.0004588630515886168
949,2026,2,47.81367266675236,ANTIOQUIA,2026021,2026-02-01,2026-02,0.0004781367266675236
950,2026,3,33.02259614486488,ANTIOQUIA,2026031,2026-03-01,2026-03,0.0003302259614486488
951,2026,4,40.6630080043492,ANTIOQUIA,2026041,2026-04-01,2026-04,0.000406630080043492
952,2026,5,24.886974877778265,ANTIOQUIA,2026051,2026-05-01,2026-05,0.00024886974877778265
953,2026,6,21.924185998714048,ANTIOQUIA,2026061,2026-06-01,2026-06,0.00021924185998714048
954,2026,7,25.19902419439429,ANTIOQUIA,2026071,2026-07-01,2026-07,0.0002519902419439429
955,2026,8,49.764871509468605,ANTIOQUIA,2026081,2026-08-01,2026-08,0.0004976487150946861
956,2026,9,43.00501285537036,ANTIOQUIA,2026091,2026-09-01,2026-09,0.0004300501285537036
957,2026,10,35.93857881826195,ANTIOQUIA,2026101,2026-10-01,2026-10,0.00035938578818261953
958,2026,11,10.40876628504115,ANTIOQUIA,2026111,2026-11-01,2026-11,0.0001040876628504115
959,2026,12,41.60598099895493,ANTIOQUIA,2026121,2026-12-01,2026-12,0.00041605980998954926
960,2026,1,49.24173113630168,NACIONAL,2026011,2026-01-01,2026-01,0.0004924173113630168
961,2026,2,34.27597201855158,NACIONAL,2026021,2026-02-01,2026-02,0.00034275972018551576
962,2026,3,26.147898960407268,NACIONAL,2026031,2026-03-01,2026-03,0.00026147898960407267
963,2026,4,50.67990099068378,NACIONAL,2026041,2026-04-01,2026-04,0.0005067990099068378
964,2026,5,52.7193716734702,NACIONAL,2026051,2026-05-01,2026-05,0.000527193716734702
965,2026,6,59.40514994064983,NACIONAL,2026061,2026-06-01,2026-06,0.0005940514994064983
966,2026,7,64.13389042910019,NACIONAL,2026071,2026-07-01,2026-07,0.0006413389042910019
967,2026,8,42.02055461810488,NACIONAL,2026081,2026-08-01,2026-08,0.00042020554618104884
968,2026,9,24.952419836597795,NACIONAL,2026091,2026-09-01,2026-09,0.00024952419836597793
969,2026,10,22.612782297899365,NACIONAL,2026101,2026-10-01,2026-10,0.00022612782297899364
970,2026,11,23.30381780655262,NACIONAL,2026111,2026-11-01,2026-11,0.0002330381780655262
971,2026,12,19.58571705615525,NACIONAL,2026121,2026-12-01,2026-12,0.0001958571705615525
